provincia,comune,zone,flood_ord,landslide_ord,pga,subsidence_velocity,fire_score,r99pday,is_coastal_zone,cdd,su95p,n_particelle_campionate,price_m2_residenziale,subsidence_velocity_abs,n_flood_ord,n_landslide_ord,n_is_coastal_zone,n_pga,n_subsidence_velocity_abs,n_fire_score,n_r99pday,n_cdd,n_su95p,indice_A,indice_B,indice_generale,indice_A_pesi_alt,indice_A_classe,indice_B_classe,indice_generale_classe,valore_esposto_indice_A,valore_esposto_indice_B,valore_esposto_indice_generale
Milano,San Donato Milanese,B1,2.4479166666666665,0.0,0.054200000000000005,-0.6,1.0,0.7200000000000001,0.0,37.900001525878906,43.33000183105469,960,2500.0,0.6,0.8159722222222222,0.0,0.0,0.11198541406774803,0.022301210531030097,1.0,0.29411764705882365,0.45013702339605977,0.5133886380057558,0.32062521341140343,0.4817628307009078,0.4011940220561556,0.35248157001886604,Alto,Medio,Medio,72140.67301756577,108396.63690770426,90268.65496263502
Milano,Melegnano,D1,0.9166666666666665,0.0,0.0591,-1.7333333333333334,1.0,0.68,0.0,37.900001525878906,43.33000183105469,132,1583.3333333333333,1.7333333333333334,0.3055555555555555,0.0,0.0,0.14489972171576643,0.19878837663004414,1.0,0.2352941176470589,0.45013702339605977,0.5133886380057558,0.269219681649775,0.4817628307009078,0.3754912561753414,0.25944367209108304,Medio,Medio,Medio,38363.804635092936,68651.20337487936,53507.50400498615
Milano,Baranzate,D1,1.6021505376344083,0.0,0.0446387096774193,-0.8516129032258065,1.0,0.68,0.0,36.16999816894531,46.400001525878906,1023,1433.3333333333333,0.8516129032258065,0.5340501792114695,0.0,0.0,0.04776026076378016,0.061483370746560746,1.0,0.2352941176470589,0.4027396736281057,0.5497630413152498,0.2683697040526956,0.47625135747167774,0.3723105307621867,0.2733775964826799,Medio,Medio,Medio,34619.69182279774,61436.42511384643,48028.05846832208
Milano,Cologno Monzese,D1,3.0,0.0,0.0531907216494845,-0.6144329896907216,0.4605670103092783,0.7200000000000001,0.0,36.09814531778552,45.999070944245325,1164,1675.0,0.6144329896907216,1.0,0.0,0.0,0.10520588383685987,0.024548772985899282,0.4605670103092783,0.29411764705882365,0.40077110246632386,0.545012679059502,0.2692056163129802,0.47289189076291294,0.37104875353794653,0.3321827997808579,Medio,Medio,Medio,40582.746659181765,71288.45253250912,55935.59959584544
Milano,Pregnana Milanese,D1,1.075,0.0,0.041015,-1.63125,1.0,0.68,0.0,37.02999877929688,44.56999969482422,800,1537.5,1.63125,0.35833333333333334,0.0,0.0,0.02341905767200867,0.1828915546836256,1.0,0.2352941176470589,0.4263013329544419,0.5280805555573133,0.25713400904800376,0.4771909442558776,0.3671624766519407,0.2424100504823743,Medio,Medio,Medio,35580.91850201752,66031.29691140706,50806.10770671229
Milano,Binasco,B1,0.0,0.0,0.051100000000000007,-1.16,1.0,0.784,0.0,39.22999954223633,44.52999877929688,55,1541.6666666666667,1.16,0.0,0.0,0.0,0.09116207657614456,0.10950663377995466,1.0,0.3882352941176471,0.4865753233099469,0.5276066110691123,0.2269862863533923,0.5070909671895296,0.36703862677146093,0.18667400900554343,Medio,Medio,Medio,31494.347231533182,70358.87169754723,50926.609464540204
Milano,Inzago,B1,0.0,0.0,0.0831,-0.6,1.0,0.8000000000000002,0.0,36.130001068115234,46.869998931884766,372,1708.3333333333333,0.6,0.0,0.0,0.0,0.3061126571346321,0.022301210531030097,1.0,0.4117647058823532,0.40164386270372254,0.5553317308591919,0.24859693907828792,0.4784877967814572,0.36354236792987255,0.2273656922980719,Medio,Medio,Medio,38221.77938328677,73567.49875514905,55894.639069217905
Milano,Truccazzano,E1,0.0,0.0,0.0807,-0.6,1.0,0.8,0.0,36.130001068115234,46.869998931884766,506,1225.0,0.6,0.0,0.0,0.0,0.2899913635927455,0.022301210531030097,1.0,0.41176470588235303,0.40164386270372254,0.5553317308591919,0.24629389714373268,0.4784877967814572,0.36239084696259494,0.22378318262209718,Medio,Medio,Medio,27153.902160096528,52753.279595155655,39953.59087762609
Milano,Casarile,B1,0.0,0.0,0.051208247422680396,-0.6,1.0,0.7950515463917526,0.0,39.22999954223633,44.52999877929688,970,1400.0,0.6,0.0,0.0,0.0,0.09188919677455425,0.022301210531030097,1.0,0.40448756822316556,0.4865753233099469,0.5276066110691123,0.21695399650410715,0.5070909671895296,0.3620224818468184,0.17895190803370045,Medio,Medio,Medio,27336.2035595175,63893.46186588073,45614.83271269912
Milano,Melzo,B1,1.910891089108911,0.0,0.0673,-0.6415841584158416,0.565,0.7932673267326733,0.0,35.400001525878906,45.66999816894531,1010,1812.5,0.6415841584158416,0.636963696369637,0.0,0.0,0.19998080798387888,0.02877686077228688,0.565,0.4018637157833431,0.3816438762903148,0.5411137125980013,0.26179786870130656,0.4613787944441581,0.3615883315727323,0.296614398362518,Medio,Medio,Medio,42705.77733190063,75262.41584370329,58984.096587801956
Milano,Pero,D1,0.85,0.0,0.043164,-1.398,1.0,0.68,0.0,36.16999816894531,46.400001525878906,1100,1625.0,1.398,0.2833333333333333,0.0,0.0,0.037854332597639595,0.1465689386607476,1.0,0.2352941176470589,0.4027396736281057,0.5497630413152498,0.24329296031982564,0.47625135747167774,0.3597721588957517,0.2249153764633058,Medio,Medio,Medio,35581.5954467745,69651.76103023287,52616.678238503686
Milano,Gorgonzola,D1,2.0,0.0,0.0667,-0.6,0.565,0.7600000000000001,0.0,35.400001525878906,45.66999816894531,33,1766.6666666666667,0.6,0.6666666666666666,0.0,0.0,0.1959504845984072,0.022301210531030097,0.565,0.3529411764705884,0.3816438762903148,0.5411137125980013,0.2575513626095275,0.4613787944441581,0.3594650785268428,0.29616407661464067,Medio,Medio,Medio,40950.66665491487,73359.22831662114,57154.947485768
Milano,Cassano d'Adda,B2,0.0,0.0,0.08949999999999998,-0.6,1.0,0.7200000000000001,0.0,36.130001068115234,46.869998931884766,60,1466.6666666666667,0.6,0.0,0.0,0.0,0.34910277324632955,0.022301210531030097,1.0,0.29411764705882365,0.40164386270372254,0.5553317308591919,0.23793166154802617,0.4784877967814572,0.3582097291647417,0.22384715600916807,Medio,Medio,Medio,31406.979324339456,63160.38917515235,47283.68424974591
Milano,Binasco,D1,0.0,0.0,0.0504978947368421,-0.6,1.0,0.7599999999999999,0.0,39.22999954223633,44.52999877929688,1045,1350.0,0.6,0.0,0.0,0.0,0.0871176117051098,0.022301210531030097,1.0,0.3529411764705881,0.4865753233099469,0.5276066110691123,0.2089085712438183,0.5070909671895296,0.357999769216674,0.17216417893464864,Medio,Medio,Medio,25382.391406123923,61611.55251352785,43496.97195982589
Milano,Calvignasco,B1,0.0,0.0,0.0478,-1.0814285714285714,1.0,0.76,0.0,38.130001068115234,45.52999877929688,700,1125.0,1.0814285714285714,0.0,0.0,0.0,0.0689952979560505,0.09727117898737597,1.0,0.35294117647058826,0.45643838038831847,0.5394549520871321,0.2170296647734307,0.4979466662377253,0.357488165505578,0.17646699459667392,Medio,Medio,Medio,21974.253558309858,50417.09995656969,36195.676757439775
Milano,Motta Visconti,B1,0.0,0.0,0.048975,-0.6,1.0,0.8,0.0,38.130001068115234,45.52999877929688,80,1287.5,0.6,0.0,0.0,0.0,0.07688801458593243,0.022301210531030097,1.0,0.41176470588235303,0.45643838038831847,0.5394549520871321,0.2158505615713308,0.4979466662377253,0.35689861390452804,0.17642688284280533,Medio,Medio,Medio,25011.683822077957,57699.56995029642,41355.62688618719
Milano,Cerro al Lambro,B1,0.0,0.0,0.059627826086956506,-0.6,1.0,0.68,0.0,38.3378266044285,46.79956452742867,1150,1437.5,0.6,0.0,0.0,0.0,0.1484452380853044,0.022301210531030097,1.0,0.2352941176470589,0.4621322304007324,0.5544972000157949,0.20086293803762764,0.5083147152082637,0.35458882662294566,0.1727206449276331,Basso,Medio,Medio,25986.642608618076,65763.21628006911,45874.929444343594
Milano,Basiglio,B1,0.0,0.0,0.0517288659793814,-0.6,1.0,0.8,0.0,38.130001068115234,44.27000045776367,970,2250.0,0.6,0.0,0.0,0.0,0.09538629868119183,0.022301210531030097,1.0,0.41176470588235303,0.45643838038831847,0.5245260622914741,0.21849317358493928,0.4904822213398963,0.35448769746241776,0.18053761264175186,Medio,Medio,Medio,44244.867650950204,99322.64982132899,71783.7587361396
Milano,Pieve Emanuele,E1,0.0,0.0,0.051668,-0.6,1.0,0.8,0.0,38.130001068115234,44.27000045776367,1100,1675.0,0.6,0.0,0.0,0.0,0.09497744938105766,0.022301210531030097,1.0,0.41176470588235303,0.45643838038831847,0.5245260622914741,0.21843476654206298,0.4904822213398963,0.3544584939409796,0.18044675724172204,Medio,Medio,Medio,32929.041056215996,73940.19486698936,53434.61796160268
Milano,Milano,D39,0.5,0.0,0.0438,-1.5177419354838708,1.0,0.68,0.0,36.16999816894531,46.400001525878906,496,4800.0,1.5177419354838708,0.16666666666666666,0.0,0.0,0.042126475386239516,0.16521562824024116,1.0,0.2352941176470589,0.4027396736281057,0.5497630413152498,0.2299004125628866,0.47625135747167774,0.35307588501728215,0.2020106699992347,Medio,Medio,Medio,99316.97822716701,205740.5864277648,152528.7823274659
Milano,Bubbiano,B1,0.0,0.0,0.0476,-0.6,1.0,0.76,0.0,38.130001068115234,45.52999877929688,150,1212.5,0.6,0.0,0.0,0.0,0.06765185682755996,0.022301210531030097,1.0,0.35294117647058826,0.45643838038831847,0.5394549520871321,0.20612774911845405,0.4979466662377253,0.35203720767808966,0.16783845562852648,Basso,Medio,Medio,22493.690622551298,54338.42995319178,38416.060287871536
Milano,Locate di Triulzi,B1,0.0,0.0,0.05450000000000001,-0.9606060606060606,1.0,0.72,0.0,38.130001068115234,44.27000045776367,330,1687.5,0.9606060606060606,0.0,0.0,0.0,0.11400057576048388,0.07845621792617094,1.0,0.2941176470588235,0.45643838038831847,0.5245260622914741,0.21236777724935404,0.4904822213398963,0.3514249992946252,0.17784166850066244,Medio,Medio,Medio,32253.356169745646,74491.98736599674,53372.6717678712
Milano,Rozzano,D1,0.0,0.0,0.0499,-0.6,1.0,0.7780392156862744,0.0,38.130001068115234,44.27000045776367,1224,2041.6666666666667,0.6,0.0,0.0,0.0,0.08310142980520123,0.022301210531030097,1.0,0.3794694348327565,0.45643838038831847,0.5245260622914741,0.21212458216699828,0.4904822213398963,0.35130340175344726,0.17421927833046547,Medio,Medio,Medio,38977.891973185935,90126.10817120594,64552.00007219594
Milano,Rosate,B1,0.0,0.0,0.0467,-0.6,1.0,0.76,0.0,38.03343832492829,45.42406153678894,320,1412.5,0.6,0.0,0.0,0.0,0.061606371749352455,0.022301210531030097,1.0,0.35294117647058826,0.45379282591870346,0.5381997715113893,0.20526410839299583,0.49599629871504636,0.3506302035540211,0.16649501450003593,Basso,Medio,Medio,26094.199779459595,63053.529474150266,44573.86462680493
Milano,Opera,B2,0.0,0.0,0.0534,-0.6,1.0,0.72,0.0,38.130001068115234,44.27000045776367,20,2050.0,0.6,0.0,0.0,0.0,0.10661164955378584,0.022301210531030097,1.0,0.2941176470588235,0.45643838038831847,0.5245260622914741,0.20329007244909134,0.4904822213398963,0.3468861468944938,0.16996023963304724,Basso,Medio,Medio,37507.01836685735,90493.96983721087,64000.49410203411
Milano,Opera,E1,0.0,0.0,0.0524,-0.642,1.0,0.72,0.0,38.130001068115234,44.27000045776367,800,1812.5,0.642,0.0,0.0,0.0,0.09989444391133309,0.028841617274699447,1.0,0.2941176470588235,0.45643838038831847,0.5245260622914741,0.20326481546355085,0.4904822213398963,0.34687351840172354,0.16919423912846543,Basso,Medio,Medio,33157.573022491735,80009.91235607058,56583.74268928115
Milano,Cusago,E5,0.0,0.0,0.0431,,1.0,0.6799999999999999,0.0,37.02999877929688,44.56999969482422,13,2233.3333333333335,,0.0,0.0,0.0,0.037424431436522604,,1.0,0.23529411764705874,0.4263013329544419,0.5280805555573133,0.2121197581805969,0.4771909442558776,0.34465535121823726,,Medio,Medio,Medio,42636.07139429997,95915.37979543139,69275.72559486568
Milano,Peschiera Borromeo,D9,1.7894736842105265,0.0,0.053899999999999997,-0.9578947368421052,0.425,0.72,0.0,36.31631690577457,45.74578857421875,209,1625.0,0.9578947368421052,0.5964912280701755,0.0,0.0,0.10997025237501216,0.0780339998254556,0.425,0.2941176470588235,0.40674840593449496,0.5420117031655749,0.21480187533278094,0.47438005455003496,0.34459096494140795,0.24556384530829492,Medio,Medio,Medio,31414.774267419212,69378.08297794261,50396.42862268091
Milano,San Giuliano Milanese,B1,0.0,0.0,0.0551611111111111,-0.6158878504672897,1.0,0.7199999999999999,0.0,37.900001525878906,43.33000183105469,1188,1925.0,0.6158878504672897,0.0,0.0,0.0,0.1184413950463275,0.024775329681950852,1.0,0.2941176470588233,0.45013702339605977,0.5133886380057558,0.20533348168387167,0.4817628307009078,0.34354815619238976,0.17286397409260326,Basso,Medio,Medio,35574.02570173077,83465.41041893228,59519.71806033153
Milano,Sesto San Giovanni,D1,2.0408163265306123,0.0,0.0531,-0.7142857142857143,0.5,0.7200000000000001,0.0,35.099998474121094,45.02999877929688,1176,2000.0,0.7142857142857143,0.6802721088435374,0.0,0.0,0.10459648786105,0.04009823568387186,0.5,0.29411764705882365,0.37342461502782676,0.5335307815781223,0.23129778277818328,0.4534776983029745,0.3423877405405789,0.26710589735020784,Medio,Basso,Medio,41633.60090007299,81625.98569453541,61629.793297304204
Milano,Cambiago,B1,0.288135593220339,0.0,0.073,-0.6,0.995,0.8000000000000002,0.0,34.29999923706055,43.400001525878906,708,1475.0,0.6,0.096045197740113,0.0,0.0,0.23826888014585945,0.022301210531030097,0.995,0.4117647058823532,0.351506828856438,0.5142180182611905,0.25191142775705083,0.43286242355881427,0.34238692565793255,0.23307711913170312,Medio,Basso,Medio,33441.242034748495,57462.486727432595,45451.86438109055
Milano,Melegnano,B1,0.0,0.0,0.05910000000000001,-0.6,1.0,0.68,0.0,37.900001525878906,43.33000183105469,639,1687.5,0.6,0.0,0.0,0.0,0.14489972171576648,0.022301210531030097,1.0,0.2352941176470589,0.45013702339605977,0.5133886380057558,0.20035643569912223,0.4817628307009078,0.34105963320001503,0.1719327524010691,Basso,Medio,Medio,30429.13367180419,73167.72991270038,51798.43179225228
Milano,Gudo Visconti,B1,0.0,0.0,0.044995652173913,-0.6304347826086957,1.0,0.7504347826086957,0.0,37.09999847412109,44.400001525878906,460,1312.5,0.6304347826086957,0.0,0.0,0.0,0.05015791691525881,0.027040635707602095,1.0,0.33887468030690543,0.4282191327124225,0.5260663592792103,0.20229617613282375,0.4771427459958164,0.33971946106432005,0.1629145722050028,Basso,Medio,Medio,23896.235805689805,56362.48687075581,40129.36133822281
Milano,Corsico,D2,0.0,0.0,0.0461446601941747,-0.7747572815533981,1.0,0.7200000000000001,0.0,37.230193499222544,44.07514738805086,1236,2066.6666666666665,0.7747572815533981,0.0,0.0,0.0,0.057876040072184165,0.04951510821620075,1.0,0.29411764705882365,0.4317861195151066,0.5222173766731087,0.20021554219245835,0.47700174809410767,0.33860864514328304,0.16215387060215472,Basso,Medio,Medio,37240.090847797255,88722.32514550403,62981.20799665064
Milano,Assago,D1,0.0,0.0,0.048104,-0.6,1.0,0.7200000000000001,0.0,37.56999969482422,43.33000183105469,1200,2058.3333333333335,0.6,0.0,0.0,0.0,0.07103732847135612,0.022301210531030097,1.0,0.29411764705882365,0.4410958778122222,0.5133886380057558,0.19820802658017284,0.477242257908989,0.33772514224458094,0.1620548349480629,Basso,Medio,Medio,36718.036923977015,88409.12827764021,62563.58260080862
Milano,Buccinasco,D1,0.0,0.0,0.0473,-0.6,1.0,0.72,0.0,37.56999969482422,43.33000183105469,1100,2225.0,0.6,0.0,0.0,0.0,0.06563669513482412,0.022301210531030097,1.0,0.2941176470588235,0.4410958778122222,0.5133886380057558,0.19743650753209682,0.477242257908989,0.3373393827205429,0.1608546942066113,Basso,Medio,Medio,39536.66063330239,95567.76214627505,67552.21138978872
Milano,Milano,E8,0.21428571428571416,0.0,0.04575,-0.6,1.0,0.68,0.0,36.16999816894531,46.400001525878906,154,2137.5,0.6,0.07142857142857138,0.0,0.0,0.05522502638902236,0.022301210531030097,1.0,0.2352941176470589,0.4027396736281057,0.5497630413152498,0.19774984657081182,0.47625135747167774,0.33700060202124477,0.16787805820147517,Basso,Medio,Medio,38042.12673405992,91618.854893614,64830.490813836965
Milano,Bollate,B1,0.0,0.0,0.045,-1.025,1.0,0.68,0.0,36.16999816894531,46.400001525878906,36,1862.5,1.025,0.0,0.0,0.0,0.0501871221571828,0.08848389781816035,1.0,0.2352941176470589,0.4027396736281057,0.5497630413152498,0.19628073394605744,0.47625135747167774,0.3362660457088676,0.15823913997550942,Basso,Medio,Medio,32901.55802770788,79831.63379618998,56366.59591194893
Milano,Vermezzo con Zelo,B1,0.0,0.0,0.0435887499999999,-0.6,1.0,0.72,0.0,37.09999847412109,44.400001525878906,800,1375.0,0.6,0.0,0.0,0.0,0.0407074656942707,0.022301210531030097,1.0,0.2941176470588235,0.4282191327124225,0.5260663592792103,0.1938751890405892,0.4771427459958164,0.3355089675182028,0.15531486544204387,Basso,Medio,Medio,23992.054643772914,59046.41481698228,41519.2347303776
Milano,Basiano,B1,0.0,0.0,0.0779489795918367,-0.6,0.9489795918367347,0.8,0.0,33.99306215558733,44.33387927619778,980,1462.5,0.6,0.0,0.0,0.0,0.27151219378452845,0.022301210531030097,0.9489795918367347,0.41176470588235303,0.34309759418701685,0.5252829203161096,0.23636538600494947,0.43419025725156324,0.33527782162825637,0.21400776620213052,Medio,Basso,Medio,31111.593932901473,57150.292610737015,44130.94327181925
Milano,Rho,D1,0.8125,0.0,0.0421458333333333,-0.8083333333333332,1.0,0.68,0.0,35.29999923706055,42.70000076293945,1152,1733.3333333333333,0.8083333333333332,0.2708333333333333,0.0,0.0,0.031015097719348725,0.0547437042992312,1.0,0.2352941176470589,0.378904087698736,0.5059241705090098,0.22741232185699603,0.4424141291038729,0.33491322548043445,0.21041496489462824,Medio,Basso,Medio,35476.32220969138,69016.60414020417,52246.46317494778
Milano,Settimo Milanese,D1,0.0,0.0,0.0434057692307692,-0.953846153846154,1.0,0.6799999999999999,0.0,36.31057519179125,46.10086661118727,1144,1800.0,0.953846153846154,0.0,0.0,0.0,0.039478346238733905,0.07740353840809786,1.0,0.23529411764705874,0.40659109871029553,0.546218788835587,0.19316800032769862,0.4764049437729413,0.33478647205031997,0.15462826094806936,Basso,Medio,Medio,31293.216053087177,77177.60089121648,54235.40847215184
Milano,Trezzano Rosa,B1,0.0,0.0,0.08373611111111108,-0.6472222222222221,0.8850000000000001,0.8000000000000002,0.0,33.83000183105469,44.83000183105469,432,1466.6666666666667,0.6472222222222221,0.0,0.0,0.0,0.3103855462794144,0.02965484245182234,0.8850000000000001,0.4117647058823532,0.3386301882688869,0.5311611495327855,0.23382929923051288,0.4348956689008362,0.33436248406567454,0.21635451565477826,Medio,Basso,Medio,30865.4674984277,57406.228294910376,44135.84789666904
Milano,Pogliano Milanese,D1,0.1909090909090909,0.0,0.0407,-0.6154545454545455,1.0,0.68,0.0,36.9985442421653,44.5359997142445,1100,1300.0,0.6154545454545455,0.06363636363636363,0.0,0.0,0.02130313789463604,0.024707853705107568,1.0,0.2352941176470589,0.4254395648588833,0.5276777121927987,0.1921344961261666,0.476558638525841,0.3343465673260038,0.1588756638237962,Basso,Medio,Medio,22479.736046761493,55757.360707523396,39118.54837714245
Milano,Carugate,D1,0.0,0.0,0.05759999999999999,-0.6,0.995,0.7599999999999999,0.0,35.099998474121094,45.02999877929688,55,1866.6666666666667,0.6,0.0,0.0,0.0,0.13482391325208726,0.022301210531030097,0.995,0.3529411764705881,0.37342461502782676,0.5335307815781223,0.21500947146481506,0.4534776983029745,0.3342435848838948,0.18221002372286585,Medio,Basso,Medio,36121.59120608893,76184.25331489972,56152.92226049432
Milano,Grezzago,B1,0.0,0.0,0.0839,-0.6,0.8850000000000001,0.8,0.0,33.83000183105469,44.83000183105469,418,1283.3333333333333,0.6,0.0,0.0,0.0,0.31148642164859436,0.022301210531030097,0.8850000000000001,0.41176470588235303,0.3386301882688869,0.5311611495327855,0.2329360482945682,0.4348956689008362,0.33391585859770223,0.21578208441228577,Medio,Basso,Medio,26904.11357802263,50230.44975804658,38567.28166803461
Milano,Bellinzago Lombardo,B1,0.5263157894736842,0.0,0.0749726315789473,-0.6294736842105263,0.565,0.8000000000000002,0.0,35.43842255441766,45.73315610383687,1140,1366.6666666666667,0.6294736842105263,0.17543859649122806,0.0,0.0,0.2515194521184448,0.02689096964939455,0.565,0.4117647058823532,0.38269650715417847,0.5418620293485904,0.20437338916306008,0.46227926825138443,0.33332632870722223,0.2063968636390104,Basso,Medio,Medio,25137.92686705639,56860.34999492029,40999.138430988336
Milano,Bollate,D1,0.5567010309278351,0.0,0.0435123711340206,-0.9103092783505154,1.0,0.68,0.0,33.93000030517578,46.59999847412109,1067,1600.0,0.9103092783505154,0.18556701030927836,0.0,0.0,0.040194413144750425,0.0706238033107177,1.0,0.2352941176470589,0.34136987234821736,0.5521326733605864,0.21881133491597218,0.44675127285440186,0.332781303885187,0.19527119642953714,Medio,Basso,Medio,31508.832227899995,64332.18329103387,47920.50775946693
Milano,Cesano Boscone,B1,0.0,0.0,0.0456157894736842,-0.6,1.0,0.6815789473684211,0.0,37.34894682231703,43.814738624974304,912,1850.0,0.6,0.0,0.0,0.0,0.05432350668437732,0.022301210531030097,1.0,0.23761609907120743,0.4350396350463093,0.5191319648440971,0.18774868804094497,0.47708579994520317,0.33241724399307404,0.15206270255233248,Basso,Medio,Medio,31260.156558817336,79434.78569087634,55347.47112484683
Milano,Trezzano sul Naviglio,B1,0.0,0.0,0.04446,-0.6,1.0,0.68,0.0,37.46033274332682,43.57966842651367,1260,1625.0,0.6,0.0,0.0,0.0,0.04655983111025833,0.022301210531030097,1.0,0.2352941176470589,0.4380913039556023,0.5163467729695619,0.18630787989833533,0.47721903846258207,0.3317634591804587,0.15007944337762283,Basso,Medio,Medio,27247.527435131542,69793.28437515262,48520.405905142085
Milano,Cusago,B1,0.0,0.0,0.043328,-0.6,1.0,0.68,0.0,37.02999877929688,44.56999969482422,500,1975.0,0.6,0.0,0.0,0.0,0.03895595432300182,0.022301210531030097,1.0,0.2352941176470589,0.4263013329544419,0.5280805555573133,0.1852216117858701,0.4771909442558776,0.3312062780208739,0.14838969298045473,Basso,Medio,Medio,32923.14149493841,84820.69034148224,58871.91591821033
Milano,Masate,B1,0.0,0.0,0.078,-0.6,0.8850000000000001,0.8000000000000002,0.0,33.83000183105469,44.83000183105469,384,1358.3333333333333,0.6,0.0,0.0,0.0,0.2718549083581232,0.022301210531030097,0.8850000000000001,0.4117647058823532,0.3386301882688869,0.5311611495327855,0.22727440353878667,0.4348956689008362,0.33108503621981145,0.20697508145884777,Medio,Basso,Medio,27784.29583261667,53165.995523127225,40475.14567787195
Milano,Cornaredo,D1,0.0,0.0,0.0414413793103448,-0.6241379310344827,1.0,0.68,0.0,37.02999877929688,44.56999969482422,1276,1575.0,0.6241379310344827,0.0,0.0,0.0,0.02628313518128184,0.02606006498141477,1.0,0.2352941176470589,0.4263013329544419,0.5280805555573133,0.1839481882585365,0.4771909442558776,0.33056956625720707,0.1459911614434486,Basso,Medio,Medio,26074.65568564755,67641.81634827064,46858.236016959105
Milano,Pozzuolo Martesana,B1,0.0,0.0,0.0769,-0.7931034482758621,0.565,0.8000000000000002,0.0,36.00413907807449,46.66310224861936,348,1550.0,0.7931034482758621,0.0,0.0,0.0,0.26446598215142514,0.05237204613410755,0.565,0.4117647058823532,0.3981955891841695,0.5528803484003662,0.18480039059541228,0.47553796879226784,0.3301691796938401,0.1731187462577012,Basso,Medio,Medio,25779.654488060012,66337.54664652137,46058.60056729069
Milano,Novate Milanese,D1,0.0,0.0,0.046139603960396,-1.2227722772277223,0.8663366336633662,0.68,0.0,36.16999816894531,46.400001525878906,1111,1750.0,1.2227722772277223,0.0,0.0,0.0,0.057842076310116314,0.11928178200128031,0.8663366336633662,0.2352941176470589,0.4027396736281057,0.5497630413152498,0.18267922994597452,0.47625135747167774,0.32946529370882616,0.14851074288132646,Basso,Medio,Medio,28771.978716490987,75009.58880178924,51890.78375914012
Milano,Pozzo d'Adda,B1,0.0,0.0,0.0904,-0.6160377358490565,0.8850000000000001,0.7200000000000001,0.0,33.83000183105469,44.83000183105469,1272,1391.6666666666667,0.6160377358490565,0.0,0.0,0.0,0.3551482583245371,0.024798670428657646,0.8850000000000001,0.29411764705882365,0.3386301882688869,0.5311611495327855,0.22272351083028835,0.4348956689008362,0.3288095898655623,0.21269031490406173,Medio,Basso,Medio,27896.119731493614,54470.68252982973,41183.40113066168
Milano,Vaprio d'Adda,B1,0.0,0.0,0.0904,-0.6,0.8850000000000001,0.7200000000000001,0.0,33.83000183105469,44.83000183105469,360,1283.3333333333333,0.6,0.0,0.0,0.0,0.3551482583245371,0.022301210531030097,0.8850000000000001,0.29411764705882365,0.3386301882688869,0.5311611495327855,0.222366730844913,0.4348956689008362,0.3286311998728746,0.2124128193598809,Medio,Basso,Medio,25683.357412587455,50230.44975804658,37956.90358531701
Milano,Solaro,D1,0.0,0.0,0.0413848484848484,-0.6,1.0,0.7599999999999999,0.0,33.93000030517578,46.59999847412109,1089,1383.3333333333333,0.6,0.0,0.0,0.0,0.025903406001284913,0.022301210531030097,1.0,0.3529411764705881,0.34136987234821736,0.5521326733605864,0.20016368471470045,0.44675127285440186,0.32345747878455117,0.15856102211157644,Basso,Basso,Medio,24920.378746980205,55620.53347037303,40270.45610867662
Milano,Arese,D2,0.1,0.0,0.042184,-0.9900000000000001,1.0,0.68,0.0,33.93000030517578,46.59999847412109,1100,2016.6666666666667,0.9900000000000001,0.03333333333333333,0.0,0.0,0.0312714710680359,0.08303355886510261,1.0,0.2352941176470589,0.34136987234821736,0.5521326733605864,0.19756178298764723,0.44675127285440186,0.32215652792102456,0.1608374761461,Basso,Basso,Medio,35857.463612257976,81085.35602307394,58471.40981766596
Milano,Vanzago,B1,0.0,0.0,0.040755,-0.6,0.89,0.68,0.0,37.02999877929688,44.56999969482422,1000,1525.0,0.6,0.0,0.0,0.0,0.021672584204970934,0.022301210531030097,0.89,0.2352941176470589,0.4263013329544419,0.5280805555573133,0.16703827319758,0.4771909442558776,0.3221146087267288,0.13232672184311453,Basso,Medio,Medio,22926.002996367853,65494.4570991192,44210.23004774353
Milano,Lainate,D1,0.2553191489361702,0.0,0.0408840425531914,-0.8829787234042553,1.0,0.68,0.0,35.29999923706055,42.70000076293945,1034,1683.3333333333333,0.8829787234042553,0.0851063829787234,0.0,0.0,0.022539389571384703,0.06636778078979519,1.0,0.2352941176470589,0.378904087698736,0.5059241705090098,0.20132966728385174,0.4424141291038729,0.3218718981938623,0.16855038261523003,Basso,Basso,Medio,30501.444593503536,67025.74055923674,48763.59257637014
Milano,San Zenone al Lambro,R1,0.2075471698113207,0.0,0.0613811320754717,-0.9697916666666666,0.5,0.6799999999999999,0.0,37.83773652562555,45.42056605500995,1060,1187.5,0.9697916666666666,0.0691823899371069,0.0,0.0,0.16022255496430488,0.07988663696958706,0.5,0.23529411764705874,0.44843113306730287,0.5381583558512496,0.14922652850257964,0.49329474445927624,0.32126063648092795,0.1415545160466077,Basso,Medio,Medio,15948.5852337132,52720.87581408515,34334.730523899176
Milano,Settala,B1,0.75,0.0,0.062475,-0.6,0.54875,0.68,0.0,35.85750102996826,45.05999851226807,192,1575.0,0.6,0.25,0.0,0.0,0.16757029075904445,0.022301210531030097,0.54875,0.2352941176470589,0.3941781086240739,0.5338862286448144,0.17484508841959048,0.46403216863444413,0.3194386285270173,0.1823873232995753,Basso,Medio,Medio,24784.291283476952,65776.55990393246,45280.425593704706
Milano,Garbagnate Milanese,D1,0.01,0.0,0.04244,-0.743,1.0,0.68,0.0,33.93000030517578,46.59999847412109,1000,1600.0,0.743,0.0033333333333333335,0.0,0.0,0.032991075712503794,0.044569738253523346,1.0,0.2352941176470589,0.34136987234821736,0.5521326733605864,0.18802689499234562,0.44675127285440186,0.3173890839233737,0.1502791859991396,Basso,Basso,Medio,27075.872878897768,64332.18329103387,45704.028084965816
Milano,Rescaldina,D1,0.0,0.0,0.039,-0.6,1.0,0.76,0.0,34.83000183105469,42.70000076293945,20,1350.0,0.6,0.0,0.0,0.0,0.009883888302466382,0.022301210531030097,1.0,0.35294117647058826,0.3660274471111849,0.5059241705090098,0.19787518218629782,0.43597580881009734,0.3169254954981976,0.15500112928961682,Basso,Basso,Medio,24041.834635635187,52971.060770426826,38506.44770303101
Milano,Senago,D1,0.0,0.0,0.0443621052631579,-0.6,1.0,0.68,0.0,33.93000030517578,46.59999847412109,950,1425.0,0.6,0.0,0.0,0.0,0.045902252031576135,0.022301210531030097,1.0,0.2352941176470589,0.34136987234821736,0.5521326733605864,0.18621394002995215,0.44675127285440186,0.316482606442177,0.14993331469347126,Basso,Basso,Medio,23881.93780884136,57295.85074357704,40588.894276209205
Milano,Cusano Milanino,B1,1.0,0.0,0.047499999999999994,-0.6,0.5,0.68,0.0,35.400001525878906,46.400001525878906,407,2083.3333333333335,0.6,0.3333333333333333,0.0,0.0,0.06698013626331462,0.022301210531030097,0.5,0.2352941176470589,0.3816438762903148,0.5497630413152498,0.16541554253924812,0.4657034588027823,0.31555950067101524,0.17313580748570942,Basso,Medio,Basso,31015.414226109024,87319.39852552168,59167.40637581536
Milano,Robecchetto con Induno,B1,0.0,0.0,0.0377819047619047,-0.6,1.0,0.6,0.0,36.400001525878906,44.27000045776367,1050,1137.5,0.6,0.0,0.0,0.0,0.0017016920960878023,0.022301210531030097,1.0,0.11764705882352937,0.4090411351326128,0.5245260622914741,0.16309285163580675,0.46678359871204345,0.3149382251739251,0.1270390726163039,Basso,Medio,Basso,16696.630686215714,47786.970918145445,32241.800802180584
Milano,Turbigo,B1,0.0,0.0,0.0377,-0.6,1.0,0.6,0.0,36.46448652320933,44.07654300582743,1070,1000.0,0.6,0.0,0.0,0.0,0.001151520967277805,0.022301210531030097,1.0,0.11764705882352937,0.41080784729591935,0.5222339124284564,0.1630142557602625,0.4665208798621879,0.31476756781122517,0.12691681236545724,Basso,Medio,Basso,14671.283018423625,41986.87918759691,28329.081103010267
Milano,Cernusco sul Naviglio,B1,0.0,0.0,0.0582684210526315,-0.6298245614035087,0.565,0.7599999999999999,0.0,36.130001068115234,46.02999877929688,627,2541.6666666666665,0.6298245614035087,0.0,0.0,0.0,0.1393138349183578,0.026945609638898887,0.565,0.3529411764705881,0.40164386270372254,0.545379122596142,0.15488580300397783,0.47351149264993225,0.31419864782695506,0.13594605066068918,Basso,Medio,Basso,35430.12743715993,108315.753943672,71872.94069041597
Milano,Pioltello,B1,0.0,0.0,0.0577,-0.6,0.565,0.7600000000000001,0.0,36.130001068115234,46.02999877929688,27,1875.0,0.6,0.0,0.0,0.0,0.1354956338163326,0.022301210531030097,0.565,0.3529411764705884,0.40164386270372254,0.545379122596142,0.15367686011685017,0.47351149264993225,0.3135941763833912,0.13458151718158706,Basso,Medio,Basso,25932.970144718467,79905.06438467606,52919.017264697264
Milano,Pioltello,D1,0.0,0.0,0.05769999999999989,-0.6,0.565,0.7599999999999999,0.0,36.130001068115234,46.02999877929688,770,1708.3333333333333,0.6,0.0,0.0,0.0,0.13549563381633187,0.022301210531030097,0.565,0.3529411764705881,0.40164386270372254,0.545379122596142,0.15367686011684997,0.47351149264993225,0.3135941763833911,0.13458151718158687,Basso,Medio,Basso,23627.817242965684,72802.39199492708,48215.10461894638
Milano,Nosate,R1,0.8571428571428571,0.0,0.0375285714285714,-0.6,1.0,0.6,0.0,34.72999954223633,40.52999877929688,28,1232.5,0.6,0.2857142857142857,0.0,0.0,0.0,0.022301210531030097,1.0,0.11764705882352937,0.36328765851960604,0.4802132469970334,0.2036660792955493,0.4217504527583197,0.31270826602693447,0.19015298230923677,Basso,Basso,Basso,22591.65984585881,46782.66897221661,34687.16440903771
Milano,Legnano,D2,0.0,0.0,0.0390564102564102,-0.8102564102564103,0.8900000000000001,0.7599999999999999,0.0,34.83000183105469,42.70000076293945,858,1316.6666666666667,0.8102564102564103,0.0,0.0,0.0,0.010262807595117173,0.05504317347247615,0.8900000000000001,0.3529411764705881,0.3660274471111849,0.5059241705090098,0.18689245107688307,0.43597580881009734,0.3114341299434902,0.1465011072370332,Basso,Basso,Basso,22146.755452610643,51663.13334399654,36904.94439830359
Milano,Cuggiono,B1,0.0,0.0,0.0381,-0.6,1.0,0.56,0.0,36.400001525878906,44.27000045776367,570,1175.0,0.6,0.0,0.0,0.0,0.0038384032242589307,0.022301210531030097,1.0,0.05882352941176476,0.4090411351326128,0.5245260622914741,0.15499473473815054,0.46678359871204345,0.310889166725097,0.12097794959903475,Basso,Medio,Basso,16390.69319855942,49362.365563798594,32876.529381179
Milano,Bussero,B1,0.0,0.0,0.0631205882352941,-0.6,0.565,0.7600000000000001,0.0,35.400001525878906,45.66999816894531,816,1625.0,0.6,0.0,0.0,0.0,0.171906839695863,0.022301210531030097,0.565,0.3529411764705884,0.3816438762903148,0.5411137125980013,0.15887846095678307,0.4613787944441581,0.31012862770047056,0.14267289626592716,Basso,Medio,Basso,23235.974914929524,67476.64868745812,45356.31180119382
Milano,Vignate,B1,0.0,0.0,0.0620428571428571,-0.6,0.565,0.7600000000000001,0.0,35.400001525878906,45.66999816894531,504,1642.8571428571431,0.6,0.0,0.0,0.0,0.1646674983206985,0.022301210531030097,0.565,0.3529411764705884,0.3816438762903148,0.5411137125980013,0.15784426933175957,0.4613787944441581,0.3096115318879588,0.14106415373811285,Basso,Medio,Basso,23338.40267976731,68218.15032138623,45778.27650057677
Milano,Casorezzo,B1,0.0,0.0,0.0391626865671641,-0.6,0.89,0.6513432835820896,0.0,36.630001068115234,42.470001220703125,670,1337.5,0.6,0.0,0.0,0.0,0.010976687429372358,0.022301210531030097,0.89,0.19315188762071997,0.41534249212487157,0.5031990574986054,0.15948996936873178,0.4592707748117385,0.30938037209023517,0.12526738589005496,Basso,Basso,Basso,19198.60506276109,55284.71951796302,37241.66229036206
Milano,Cassina de' Pecchi,B1,0.0,0.0,0.0603,-0.617,0.565,0.7600000000000001,0.0,35.400001525878906,45.66999816894531,1200,1833.3333333333333,0.617,0.0,0.0,0.0,0.1529603684867097,0.024948518022515312,0.565,0.3529411764705884,0.3816438762903148,0.5411137125980013,0.15655000899711619,0.4613787944441581,0.3089644017206371,0.13875671460739147,Basso,Medio,Basso,25830.75148452417,76127.50108328609,50979.12628390512
Milano,Nerviano,D1,0.0,0.0,0.0398,-0.9239583333333332,0.89,0.68,0.0,35.29999923706055,42.70000076293945,960,1337.5,0.9239583333333332,0.0,0.0,0.0,0.015257652816428586,0.07274928834058281,0.89,0.2352941176470589,0.378904087698736,0.5059241705090098,0.17332872268629576,0.4424141291038729,0.3078714258950843,0.13650652351338877,Basso,Basso,Basso,20864.444993362853,53255.6007908787,37060.022892120774
Milano,Cassinetta di Lugagnano,B1,0.0,0.0,0.040732,-0.6,0.485,0.72,0.0,38.0,45.5,500,1262.5,0.6,0.0,0.0,0.0,0.021518088475194506,0.022301210531030097,0.485,0.2941176470588235,0.4528767074753902,0.5390995163198984,0.11756242086643544,0.4959881118976443,0.3067752663820399,0.09382833717113807,Basso,Medio,Basso,13358.030070948727,56356.649214369834,34857.33964265928
Milano,Carugate,B1,0.0,0.0,0.06029999999999999,-0.6,0.595281690140845,0.76,0.0,35.07746328434474,44.98408336370763,639,1750.0,0.6,0.0,0.0,0.0,0.15296036848670966,0.022301210531030097,0.595281690140845,0.35294117647058826,0.3728072126004636,0.5329867600762367,0.16049777794702472,0.4528969863383502,0.30669738214268744,0.1418272015684314,Basso,Basso,Basso,25278.400026656393,71331.27534829016,48304.83768747327
Milano,Parabiago,D1,0.0277777777777777,0.0,0.0397305555555555,-0.6787037037037037,0.8900000000000001,0.6800000000000002,0.0,35.29999923706055,42.70000076293945,1188,1475.0,0.6787037037037037,0.009259259259259233,0.0,0.0,0.01479118020236897,0.03455726373235052,0.8900000000000001,0.23529411764705904,0.378904087698736,0.5059241705090098,0.1691288315487197,0.4424141291038729,0.3057714803262963,0.13421691781140732,Basso,Basso,Basso,22451.85238809254,58730.47563853913,40591.164013315836
Milano,Mediglia,E2,0.0,0.0,0.0592255555555555,-0.6188888888888888,0.5,0.68,0.0,37.885112592909074,43.32777955796983,900,1550.0,0.6188888888888888,0.0,0.0,0.0,0.1457431042019851,0.025242663299346994,0.5,0.2352941176470589,0.44972910744559963,0.5133623077564113,0.12946855502119872,0.48154570760100546,0.3055071313111021,0.1168914432611529,Basso,Medio,Basso,18060.86342545722,67175.62621034026,42618.24481789874
Milano,Vizzolo Predabissi,B1,0.0,0.0,0.0592444444444444,-0.6,0.5,0.68,0.0,37.900001525878906,43.33000183105469,360,1400.0,0.6,0.0,0.0,0.0,0.14586998475300927,0.022301210531030097,0.5,0.2352941176470589,0.45013702339605977,0.5133886380057558,0.12906647327587117,0.4817628307009078,0.30541465198838946,0.11659281085378972,Basso,Medio,Basso,16262.375632759768,60702.11666831438,38482.246150537074
Milano,Colturano,B1,0.0,0.0,0.058399999999999994,-0.6,0.5,0.68,0.0,37.900001525878906,43.33000183105469,910,1312.5,0.6,0.0,0.0,0.0,0.14019767776604947,0.022301210531030097,0.5,0.2352941176470589,0.45013702339605977,0.5133886380057558,0.1282561437063055,0.4817628307009078,0.30500948720360666,0.11533229819002089,Basso,Medio,Basso,15150.256975307337,56908.23437654474,36029.24567592604
Milano,Paullo,B1,0.0,0.0,0.0644666666666666,-0.6,0.5,0.6967901234567901,0.0,37.22999954223633,43.22999954223633,729,1450.0,0.6,0.0,0.0,0.0,0.18094872533026235,0.022301210531030097,0.5,0.25998547567175023,0.431780805625351,0.5122037767852534,0.13760505879043466,0.4719922912053022,0.3047986749978684,0.12713157076258944,Basso,Medio,Basso,17957.460172151725,61594.99400229193,39776.22708722182
Milano,Robecco sul Naviglio,D2,0.0,0.0,0.0396,,0.485,0.64,0.0,38.0,45.5,11,1250.0,,0.0,0.0,0.0,0.013914211687938048,,0.485,0.17647058823529413,0.4528767074753902,0.5390995163198984,0.1125641333205387,0.4959881118976443,0.3042761226090915,,Basso,Medio,Basso,12663.464998560605,55798.662588484985,34231.06379352279
Milano,Vimodrone,D1,0.0476190476190476,0.0,0.05478,-0.9885714285714283,0.425,0.72,0.0,36.130001068115234,46.02999877929688,1155,1866.6666666666667,0.9885714285714283,0.01587301587301587,0.0,0.0,0.1158813933403706,0.08281109605069203,0.425,0.2941176470588235,0.40164386270372254,0.545379122596142,0.13338330747470029,0.47351149264993225,0.3034474000623163,0.11838195128180981,Basso,Medio,Basso,22408.39565574965,79549.93076518862,50979.16321046914
Milano,Pessano con Bornago,B1,0.1604938271604938,0.0,0.0665358024691358,-0.6,0.5915432098765432,0.7600000000000001,0.0,34.29999923706055,43.400001525878906,972,1616.6666666666667,0.6,0.05349794238683126,0.0,0.0,0.19484753601760946,0.022301210531030097,0.5915432098765432,0.3529411764705884,0.351506828856438,0.5142180182611905,0.17359015361180033,0.43286242355881427,0.3032262885853073,0.162608505965227,Basso,Basso,Basso,25257.367350516946,62981.482627807476,44119.42498916222
Milano,Tribiano,B1,0.03,0.0,0.061539,-0.6,0.5,0.68,0.0,37.22999954223633,43.22999954223633,1200,1516.6666666666667,0.6,0.01,0.0,0.0,0.16128298627770868,0.022301210531030097,0.5,0.2352941176470589,0.431780805625351,0.5122037767852534,0.13269690206511395,0.4719922912053022,0.3023445966352081,0.12224014452594517,Basso,Medio,Basso,18113.127131888054,64426.947749523744,41270.0374407059
Milano,Dresano,B1,0.0,0.0,0.0601428571428571,-0.6971428571428571,0.5,0.68,0.0,37.22999954223633,43.22999954223633,385,1316.6666666666667,0.6971428571428571,0.0,0.0,0.0,0.1519048076000383,0.03742868191094558,0.5,0.2352941176470589,0.431780805625351,0.5122037767852534,0.1320896581654347,0.4719922912053022,0.30204097468536845,0.1196147127508979,Basso,Medio,Basso,15652.62449260401,55931.08650782831,35791.85550021616
Milano,Liscate,B1,0.0,0.0,0.06372,-0.6,0.565,0.68,0.0,35.400001525878906,45.66999816894531,1100,1533.3333333333333,0.6,0.0,0.0,0.0,0.17593321178389806,0.022301210531030097,0.565,0.2352941176470589,0.3816438762903148,0.5411137125980013,0.14264693428028385,0.4613787944441581,0.30201286436222097,0.13049575019398724,Basso,Medio,Basso,19685.27693067917,63670.273633293815,41677.77528198649
Milano,Magnago,B1,0.0,0.0,0.0379,-0.6,1.0,0.6,0.0,35.27000045776367,42.29999923706055,990,1337.5,0.6,0.0,0.0,0.0,0.0024949620957683914,0.022301210531030097,1.0,0.11764705882352937,0.37808220337738657,0.5011848160226683,0.1632061759214754,0.43963350970002746,0.3014198428107514,0.12721535483845514,Basso,Basso,Basso,19645.9434265476,52920.883730140806,36283.4135783442
Milano,Vanzaghello,B1,0.0,0.0,0.0379,-0.6,1.0,0.5952475247524752,0.0,35.27000045776367,42.29999923706055,1010,1200.0,0.6,0.0,0.0,0.0,0.0024949620957683914,0.022301210531030097,1.0,0.11065812463599295,0.37808220337738657,0.5011848160226683,0.16220775675182736,0.43963350970002746,0.30092063322592744,0.12643880659539553,Basso,Basso,Basso,17518.437729197354,47480.41904760297,32499.428388400163
Milano,Segrate,E1,0.1458333333333333,0.0,0.0535,-0.6,0.425,0.7200000000000001,0.0,36.130001068115234,46.02999877929688,768,3500.0,0.6,0.0486111111111111,0.0,0.0,0.10728337011803109,0.022301210531030097,0.425,0.29411764705882365,0.40164386270372254,0.545379122596142,0.12818761983128515,0.47351149264993225,0.3008495562406087,0.11702309111645978,Basso,Medio,Basso,40379.100246854825,149156.12018472867,94767.61021579175
Milano,San Vittore Olona,B1,0.0,0.0,0.0392,-0.6,0.89,0.68,0.0,34.83000183105469,42.70000076293945,1030,1475.0,0.6,0.0,0.0,0.0,0.011227329430956922,0.022301210531030097,0.89,0.2352941176470589,0.3660274471111849,0.5059241705090098,0.1655460939441494,0.43597580881009734,0.3007609513771234,0.1300055541155559,Basso,Basso,Basso,21976.243971085834,57875.78861954042,39926.01629531313
Milano,Canegrate,B1,0.0,0.0,0.039,-0.6,0.89,0.68,0.0,34.83000183105469,42.70000076293945,639,1362.5,0.6,0.0,0.0,0.0,0.009883888302466382,0.022301210531030097,0.89,0.2352941176470589,0.3660274471111849,0.5059241705090098,0.1653541737829365,0.43597580881009734,0.3006649912965169,0.12970701164255796,Basso,Basso,Basso,20276.555560132587,53461.53355533819,36869.04455773539
Milano,Canegrate,D1,0.0,0.0,0.039,-0.6,0.89,0.68,0.0,34.83000183105469,42.70000076293945,340,1412.5,0.6,0.0,0.0,0.0,0.009883888302466382,0.022301210531030097,0.89,0.2352941176470589,0.3660274471111849,0.5059241705090098,0.1653541737829365,0.43597580881009734,0.3006649912965169,0.12970701164255796,Basso,Basso,Basso,21020.6493421558,55423.42469498362,38222.03701856971
Milano,Pantigliate,B1,0.0,0.0,0.0595,-0.6,0.5,0.68,0.0,37.22999954223633,43.22999954223633,40,1537.5,0.6,0.0,0.0,0.0,0.1475866039727475,0.022301210531030097,0.5,0.2352941176470589,0.431780805625351,0.5122037767852534,0.12931170459297664,0.4719922912053022,0.30065199789913943,0.11697428179150934,Basso,Medio,Basso,17893.507123053143,65311.93329553369,41602.72020929342
Milano,San Giorgio su Legnano,B1,0.0,0.0,0.038824,-0.6,0.89,0.68,0.0,34.83000183105469,42.70000076293945,1000,1287.5,0.6,0.0,0.0,0.0,0.008701660109394682,0.022301210531030097,0.89,0.2352941176470589,0.3660274471111849,0.5059241705090098,0.16518528404106908,0.43597580881009734,0.3005805464255832,0.12944429426631981,Basso,Basso,Basso,19140.84478825888,50518.69684587003,34829.770817064455
Milano,Segrate,B1,0.0,0.0,0.0555,-0.6,0.42499999999999993,0.72,0.0,36.130001068115234,46.02999877929688,65,2450.0,0.6,0.0,0.0,0.0,0.12071778140293657,0.022301210531030097,0.42499999999999993,0.2941176470588235,0.40164386270372254,0.545379122596142,0.12316237699897002,0.47351149264993225,0.2983369348244511,0.1092060467106363,Basso,Medio,Basso,27157.30412827289,104409.28412931006,65783.29412879147
Milano,Cinisello Balsamo,B1,0.0,0.0,0.0505704545454545,-0.6,0.5,0.7200000000000001,0.0,35.0,47.630001068115234,1056,1900.0,0.6,0.0,0.0,0.0,0.08760501086093629,0.022301210531030097,0.5,0.29411764705882365,0.3706849309484963,0.5643364953436739,0.12914626692154144,0.4675107131460851,0.2983284900338133,0.1101809865901918,Basso,Medio,Basso,22084.011643583584,79944.33194798055,51014.17179578207
Milano,Bresso,D1,0.20588235294117638,0.0,0.049218627450980296,-0.6,0.48897058823529416,0.68,0.0,35.400001525878906,46.400001525878906,1122,1816.6666666666667,0.6,0.06862745098039212,0.0,0.0,0.07852451027431367,0.022301210531030097,0.48897058823529416,0.2352941176470589,0.3816438762903148,0.5497630413152498,0.1276739825240127,0.4657034588027823,0.2966887206633975,0.11565220432475498,Basso,Medio,Basso,20874.69614267608,76142.5155142549,48508.605828465494
Milano,Bareggio,D1,0.0,0.0,0.0415093457943925,-0.6,0.48981308411214947,0.697570093457944,0.0,37.02999877929688,44.56999969482422,1177,1466.6666666666667,0.6,0.0,0.0,0.0,0.02673968003142473,0.022301210531030097,0.48981308411214947,0.26113249037932934,0.4263013329544419,0.5280805555573133,0.11428378072199052,0.4771909442558776,0.29573736248893406,0.09185846056503981,Basso,Medio,Basso,15085.459055302748,62989.20464177585,39037.331848539296
Milano,Vittuone,B1,0.0,0.0,0.04022942348656628,-0.6,0.48500000000000004,0.7200000000000001,0.0,36.96252166935728,44.215743097973586,990,1350.7575757575758,0.6,0.0,0.0,0.0,0.01814217868339332,0.022301210531030097,0.48500000000000004,0.29411764705882365,0.4244526451074964,0.5238832025899438,0.1170801480390353,0.4741679238487201,0.2956240359438777,0.09307813499518226,Basso,Medio,Basso,14233.220724109087,57643.732378791,35938.47655145005
Milano,Sedriano,B1,0.0,0.0,0.0405862903225806,-0.6,0.485,0.7025806451612904,0.0,37.02999877929688,44.56999969482422,1240,1500.0,0.6,0.0,0.0,0.0,0.02053932660787295,0.022301210531030097,0.485,0.26850094876660346,0.4263013329544419,0.5280805555573133,0.11376306941507235,0.4771909442558776,0.29547700683547495,0.09076453472370882,Basso,Medio,Basso,15358.014371034767,64420.77747454348,39889.39592278912
Milano,Peschiera Borromeo,E1,0.0,0.0,0.0576,-0.6236111111111111,0.425,0.68,0.0,36.130001068115234,46.02999877929688,720,1975.0,0.6236111111111111,0.0,0.0,0.0,0.1348239132520873,0.025978026491426227,0.425,0.2352941176470589,0.40164386270372254,0.545379122596142,0.11729943677008177,0.47351149264993225,0.295405464710007,0.10621333007140664,Basso,Medio,Basso,20849.974885882035,84166.66781852546,52508.32135220375
Milano,Cusano Milanino,D1,0.0,0.0,0.0488377049180327,-0.6,0.5,0.68,0.0,35.0,47.630001068115234,671,1841.6666666666667,0.6,0.0,0.0,0.0,0.0759657752866607,0.022301210531030097,0.5,0.2352941176470589,0.3706849309484963,0.5643364953436739,0.11908015763782138,0.4675107131460851,0.29329543539195324,0.10105854208349004,Basso,Medio,Basso,19737.536128468895,77489.9007039636,48613.71841621625
Milano,Cormano,D1,0.0,0.0,0.046,-0.634,0.5,0.68,0.0,35.24730094909668,46.78730129241944,1100,1658.3333333333333,0.634,0.0,0.0,0.0,0.05690432779963554,0.027595825514000524,0.5,0.2352941176470589,0.37746029906284406,0.5543519010254214,0.11711346728009928,0.46590610004413274,0.291509783662116,0.0974109554178145,Basso,Medio,Basso,17479.184991554815,69536.48543158681,43507.83521157081
Milano,Paderno Dugnano,D1,0.029999999999999995,0.0,0.0454,-0.6,0.5,0.68,0.0,34.80740005493164,47.44460060119629,1100,1725.0,0.6,0.009999999999999998,0.0,0.0,0.05287400441416393,0.022301210531030097,0.5,0.2352941176470589,0.3654082204004461,0.5621398073867182,0.11720990465603612,0.4637740138935822,0.29049195927480914,0.09814925966737964,Basso,Medio,Basso,18196.83769784961,72000.91565697863,45098.87667741412
Milano,Villa Cortese,B1,0.0,0.0,0.0385934210526315,-0.6855263157894737,0.89,0.56,0.0,34.83000183105469,42.70000076293945,760,1337.5,0.6855263157894737,0.0,0.0,0.0,0.007152813903100194,0.03561970797271266,0.89,0.05882352941176476,0.3660274471111849,0.5059241705090098,0.14165657875536822,0.43597580881009734,0.28881619378273277,0.11097209613229753,Basso,Basso,Basso,17051.91066767745,52480.58798551547,34766.24932659646
Milano,Corbetta,D3,0.0,0.0,0.0397313131313131,-0.6313131313131313,0.485,0.7191919191919193,0.0,36.630001068115234,42.470001220703125,1089,1400.0,0.6313131313131313,0.0,0.0,0.0,0.014796268994522495,0.027177415654977898,0.485,0.29292929292929304,0.41534249212487157,0.5031990574986054,0.11712899679697049,0.4592707748117385,0.2881998858043545,0.09274436073036844,Basso,Basso,Basso,14758.25359641828,57868.117626279054,36313.18561134867
Milano,Busto Garolfo,D1,0.0,0.0,0.038604081632653,-0.6,0.8900000000000001,0.56,0.0,34.83000183105469,42.70000076293945,539,1341.6666666666667,0.6,0.0,0.0,0.0,0.007224423211372424,0.022301210531030097,0.8900000000000001,0.05882352941176476,0.3660274471111849,0.5059241705090098,0.13976416616488105,0.43597580881009734,0.2878699874874892,0.10950817626283776,Basso,Basso,Basso,16876.523064409386,52644.078913819256,34760.30098911432
Milano,Dairago,B1,0.0,0.0,0.0384,-0.6,0.89,0.56,0.0,34.83000183105469,42.70000076293945,500,1387.5,0.6,0.0,0.0,0.0,0.005853564916994717,0.022301210531030097,0.89,0.05882352941176476,0.3660274471111849,0.5059241705090098,0.13956832926568422,0.43597580881009734,0.28777206903789077,0.10920354108630936,Basso,Basso,Basso,17428.595117052315,54442.479125160906,35935.53712110661
Milano,Boffalora sopra Ticino,B1,0.0,0.0,0.038826,-0.6759999999999999,0.49894999999999995,0.64,0.0,36.400001525878906,44.27000045776367,1000,1200.0,0.6759999999999999,0.0,0.0,0.0,0.008715094520679601,0.03413623225766986,0.49894999999999995,0.17647058823529413,0.4090411351326128,0.5245260622914741,0.10261027357337767,0.46678359871204345,0.2846969361427106,0.08077633439270257,Basso,Medio,Basso,11081.909545924787,50412.62866090069,30747.269103412742
Milano,Bernate Ticino,B1,0.0,0.0,0.038630909090909,-0.6254545454545454,0.5,0.64,0.0,36.400001525878906,44.27000045776367,550,1187.5,0.6254545454545454,0.0,0.0,0.0,0.00740462876534231,0.026265093405981207,0.5,0.17647058823529413,0.4090411351326128,0.5245260622914741,0.10144861577237395,0.46678359871204345,0.2841161072422087,0.0797272154635511,Basso,Medio,Basso,10842.320810672465,49887.49711234964,30364.908961511057
Milano,Magenta,D1,0.0,0.0,0.0393366336633663,-0.7554455445544555,0.485,0.64,0.0,36.630001068115234,42.470001220703125,1111,1383.3333333333333,0.7554455445544555,0.0,0.0,0.0,0.012145125845470043,0.04650780786144234,0.485,0.17647058823529413,0.41534249212487157,0.5031990574986054,0.10287478884888665,0.4592707748117385,0.2810727818303126,0.08136318308751961,Basso,Basso,Basso,12807.911211686387,57179.211464061445,34993.561337873914
Milano,Marcallo con Casone,R1,0.0,0.0,0.0392,-0.95,0.485,0.6066666666666667,0.0,36.630001068115234,42.470001220703125,240,1387.5,0.95,0.0,0.0,0.0,0.011227329430956922,0.07680460006160797,0.485,0.12745098039215688,0.41534249212487157,0.5031990574986054,0.10006898712638881,0.4592707748117385,0.27966988096906364,0.07907891547951985,Basso,Basso,Basso,12496.114767407804,57351.43800461585,34923.77638601182
Milano,Mesero,B1,0.0,0.0,0.0387548387096774,-0.6150537634408602,0.485,0.5617204301075269,0.0,36.47172181324292,43.70871037308888,930,1262.5,0.6150537634408602,0.0,0.0,0.0,0.00823708949980042,0.024645442338796883,0.485,0.061353573687539575,0.4110060744097688,0.517875705958214,0.08274801507516241,0.4644408901839914,0.2735944526295769,0.06527479944732636,Basso,Medio,Basso,9402.24321291533,52772.09614715602,31087.169680035673
Milano,Marcallo con Casone,E1,0.0,0.0,0.0390432432432432,-0.6,0.485,0.5837837837837838,0.0,36.630001068115234,42.470001220703125,740,1287.5,0.6,0.0,0.0,0.0,0.010174362059977573,0.022301210531030097,0.485,0.09379968203497618,0.41534249212487157,0.5031990574986054,0.08732503637514055,0.4592707748117385,0.2732979055934395,0.06904995740955126,Basso,Basso,Basso,10118.788589969412,53218.001031310196,31668.394810639806
Milano,Ossona,B1,0.0,0.0,0.0391735849056603,-0.8132075471698114,0.485,0.56,0.0,36.630001068115234,42.470001220703125,1060,1150.0,0.8132075471698114,0.0,0.0,0.0,0.011049893810212383,0.05550273622890234,0.485,0.05882352941176476,0.41534249212487157,0.5031990574986054,0.08719659420726848,0.4592707748117385,0.27323368450950347,0.06904733925123242,Basso,Basso,Basso,9024.847500452288,47534.52519301493,28279.686346733608
Napoli,Forio,D2,0.0,2.2580645161290325,0.1436870967741935,-6.878409090909091,1.0,0.68,1.0,55.77000045776367,67.62999725341797,186,3012.5,6.878409090909091,0.0,0.5645161290322581,1.0,0.7130886454460749,1.0,1.0,0.2352941176470589,0.9397260096444948,0.8013032705062347,0.6446998417321989,0.8705146400753647,0.7576072409037817,0.5806652819523852,Alto,Alto,Alto,174794.24458964242,236018.28179043325,205406.26319003783
Napoli,Lacco Ameno,C4,0.0,2.257142857142857,0.1445,-4.6000000000000005,1.0,0.68,1.0,55.77000045776367,67.62999725341797,105,2516.6666666666665,4.6000000000000005,0.0,0.5642857142857143,1.0,0.7185490835812303,0.6451970908804915,1.0,0.2352941176470589,0.9397260096444948,0.8013032705062347,0.5947608580563565,0.8705146400753647,0.7326377490658607,0.5424305655528584,Alto,Alto,Alto,134713.33434976474,197171.5659770701,165942.45016341744
Napoli,Casamicciola Terme,C2,0.0,2.6382978723404253,0.151,-2.3,1.0,0.68,1.0,55.77000045776367,67.62999725341797,235,2100.0,2.3,0.0,0.6595744680851063,1.0,0.7622109202571731,0.28703195967955114,1.0,0.2352941176470589,0.9397260096444948,0.8013032705062347,0.5634444950955556,0.8705146400753647,0.7169795675854602,0.5229247095473403,Alto,Alto,Alto,106491.00957306002,164527.26697424395,135509.13827365197
Napoli,Monte di Procida,D5,0.0,1.7596153846153846,0.1657326923076923,2.4432692307692307,1.0,0.6799999999999999,1.0,55.77000045776367,67.62999725341797,520,1833.3333333333333,2.4432692307692307,0.0,0.43990384615384615,1.0,0.8611734441549239,0.3093424130862987,1.0,0.23529411764705874,0.9397260096444948,0.8013032705062347,0.549387688720304,0.8705146400753647,0.7099511643978343,0.5229874739107836,Alto,Alto,Alto,90648.96863885016,143634.91561243517,117141.94212564267
Napoli,Casamicciola Terme,B3,0.0,1.8823529411764703,0.151,-2.3,1.0,0.68,1.0,55.77000045776367,67.62999725341797,306,2491.6666666666665,2.3,0.0,0.4705882352941176,1.0,0.7622109202571731,0.28703195967955114,1.0,0.2352941176470589,0.9397260096444948,0.8013032705062347,0.5364464618397001,0.8705146400753647,0.7034805509575324,0.5019262392372305,Alto,Alto,Alto,120298.11906755275,195212.90803690054,157755.51355222662
Napoli,Lacco Ameno,D5,0.28125,0.109375,0.149184375,-6.60952380952381,1.0,0.68,0.265625,55.77000045776367,67.62999725341797,192,1958.3333333333333,6.60952380952381,0.09375,0.02734375,0.265625,0.7500149937625948,0.9581281164846256,1.0,0.2352941176470589,0.9397260096444948,0.8013032705062347,0.47573656827061134,0.8705146400753647,0.6731256041729881,0.4637689968507638,Alto,Alto,Alto,83848.57015769524,153428.20531328302,118638.38773548914
Napoli,Vico Equense,D3,0.0,3.75,0.1084568181818181,-1.282758620689655,1.0,0.92,0.5681818181818182,52.22999954223633,61.09999847412109,176,2008.3333333333333,1.282758620689655,0.0,0.9375,0.5681818181818182,0.47643961930018885,0.12862309355619675,1.0,0.5882352941176472,0.8427396882598205,0.7239336181218726,0.5284256893079787,0.7833366531908466,0.6558811712494126,0.46393549382844884,Alto,Alto,Alto,95512.94334241716,141588.10006424552,118550.52170333132
Napoli,Barano d'Ischia,R1,0.06,2.56,0.154676,-2.475862068965517,1.0,0.68,0.03,55.77000045776367,67.62999725341797,200,1327.5,2.475862068965517,0.02,0.64,0.03,0.7869033681988294,0.31441789924663954,1.0,0.2352941176470589,0.9397260096444948,0.8013032705062347,0.43237362644178967,0.8705146400753647,0.6514441332585772,0.4259465281434841,Alto,Alto,Alto,51657.83901913282,104004.7366230042,77831.28782106852
Napoli,Castellammare di Stabia,D5,1.5833333333333333,0.0,0.1256981481481481,-1.5175925925925924,1.0,0.8,0.9166666666666666,52.22999954223633,61.09999847412109,864,1637.5,1.5175925925925924,0.5277777777777778,0.0,0.9166666666666666,0.5922531782334102,0.16519237197230696,1.0,0.41176470588235303,0.8427396882598205,0.7239336181218726,0.5162363857903592,0.7833366531908466,0.649786519490603,0.5259650729493003,Alto,Alto,Alto,76080.3373558542,115444.23926400101,95762.28830992761
Napoli,Torre Annunziata,C3,0.8764044943820225,0.0,0.148,-2.3,1.0,0.8000000000000002,1.0,51.130001068115234,57.869998931884766,267,1887.5,2.3,0.29213483146067415,0.0,1.0,0.7420593033298148,0.28703195967955114,1.0,0.4117647058823532,0.8126027453381921,0.685663482057409,0.533284400050342,0.7491331136978006,0.6412087568740712,0.5296872150158758,Alto,Alto,Alto,90591.68745855184,127258.98768941387,108925.33757398285
Napoli,Torre Annunziata,B6,0.8571428571428571,0.0,0.148,-2.3,1.0,0.8000000000000002,1.0,51.130001068115234,57.869998931884766,42,1900.0,2.3,0.2857142857142857,0.0,1.0,0.7420593033298148,0.28703195967955114,1.0,0.4117647058823532,0.8126027453381921,0.685663482057409,0.5323671792294292,0.7491331136978006,0.640750146463615,0.5282604270722339,Alto,Alto,Alto,91034.78764823239,128101.76244232389,109568.27504527816
Napoli,Ottaviano,B3,2.2909090909090915,0.0,0.17182181818181816,-1.516363636363636,1.0,0.8,0.0,52.66999816894531,65.52999877929688,385,968.3333333333334,1.516363636363636,0.7636363636363638,0.0,0.0,0.9020753548342071,0.16500099402927026,1.0,0.41176470588235303,0.8547944445260222,0.7764217724475269,0.46321105976888494,0.8156081084867746,0.6394095841278298,0.5453543485391962,Alto,Alto,Alto,40368.84385885832,71080.2466546224,55724.54525674036
Napoli,Bacoli,D6,0.0,1.71875,0.1606,2.428125,1.0,0.68,0.0,55.77000045776367,67.62999725341797,576,1543.3333333333333,2.428125,0.0,0.4296875,0.0,0.8266960944247194,0.3069840933469949,1.0,0.2352941176470589,0.9397260096444948,0.8013032705062347,0.399808829345539,0.8705146400753647,0.6351617347104519,0.4028175444270547,Alto,Alto,Alto,55533.44639609537,120914.48350646815,88223.96495128177
Napoli,Ottaviano,C3,1.3695652173913044,0.0,0.1734,-2.4488888888888884,1.0,0.8000000000000002,0.0,52.66999816894531,65.52999877929688,276,861.6666666666666,2.4488888888888884,0.4565217391304348,0.0,0.0,0.9126763266481144,0.3102175285592255,1.0,0.4117647058823532,0.8547944445260222,0.7764217724475269,0.44159718574573253,0.8156081084867746,0.6286026471162536,0.4955975962220752,Alto,Alto,Alto,34245.86175458156,63250.40881314937,48748.135283865464
Napoli,Ischia,C4,0.0,0.26,0.1584,-2.3,1.0,0.68,1.0,53.66999816894531,55.43000030517578,600,2558.3333333333335,2.3,0.0,0.065,1.0,0.8119182420113235,0.28703195967955114,1.0,0.2352941176470589,0.88219170336832,0.6567535462446611,0.4856063313339905,0.7694726248064905,0.6275394780702405,0.46790695126102855,Alto,Alto,Alto,111810.85778965132,177171.07186169442,144490.96482567285
Napoli,Procida,D5,0.0,0.28,0.165,-0.649,1.0,0.68,1.0,53.66999816894531,55.43000030517578,400,2408.3333333333335,0.649,0.0,0.07,1.0,0.8562517992515115,0.029931685065311006,1.0,0.2352941176470589,0.88219170336832,0.6567535462446611,0.4559253717091259,0.7694726248064905,0.6126989982578082,0.44974771124615476,Alto,Alto,Alto,98821.82431795304,166783.19142680682,132802.5078723799
Napoli,Sant'Antonio Abate,D3,0.6999999999999998,2.466666666666667,0.1122399999999999,-1.3933333333333333,1.0,0.88,0.0,52.22999954223633,61.09999847412109,180,1155.0,1.3933333333333333,0.23333333333333328,0.6166666666666667,0.0,0.5018520295557043,0.14584222680033992,1.0,0.5294117647058824,0.8427396882598205,0.7239336181218726,0.4324437172945609,0.7833366531908466,0.6078901852427037,0.41803237599455156,Alto,Alto,Alto,44952.524412769606,81427.8450991885,63190.18475597905
Napoli,Saviano,D3,0.5,0.0,0.179668,-0.75,1.0,0.9088,0.0,52.66999816894531,65.52999877929688,100,,0.75,0.16666666666666666,0.0,0.0,0.954779771615008,0.0456598060441349,1.0,0.5717647058823531,0.8547944445260222,0.7764217724475269,0.3912672786011661,0.8156081084867746,0.6034376935439704,0.4289241542766486,Alto,Alto,Alto,,,
Napoli,Pozzuoli,E6,0.0,0.0,0.1581,2.4,1.0,0.68,0.0,55.77000045776367,67.62999725341797,126,1478.3333333333333,2.4,0.0,0.0,0.0,0.8099030803185875,0.30260435668828767,1.0,0.2352941176470589,0.9397260096444948,0.8013032705062347,0.33540022209341913,0.8705146400753647,0.6029574310843919,0.3508560705525024,Alto,Alto,Alto,44624.99954952941,115821.97286202728,80223.48620577835
Napoli,Vico Equense,E3,0.0,2.68,0.10292,-1.981818181818182,1.0,0.92,0.0,52.22999954223633,61.09999847412109,25,1070.0,1.981818181818182,0.0,0.67,0.0,0.4392476729680454,0.2374834237426622,1.0,0.5882352941176472,0.8427396882598205,0.7239336181218726,0.41928091297547926,0.7833366531908466,0.6013087830831629,0.3749126737551556,Alto,Alto,Alto,40376.751919538656,75435.31970227852,57906.035810908594
Napoli,San Gennaro Vesuviano,D2,0.0,0.0,0.1750722772277227,-2.012871287128713,1.0,0.88,0.0,52.66999816894531,65.52999877929688,303,823.3333333333334,2.012871287128713,0.0,0.0,0.0,0.9239093566779186,0.24231913658515913,1.0,0.5294117647058824,0.8547944445260222,0.7764217724475269,0.38509146542413714,0.8156081084867746,0.6003497869554558,0.4021721794052087,Alto,Alto,Alto,28535.277587928562,60436.56083887,44485.91921339928
Napoli,Sant'Antonio Abate,C3,1.8333333333333333,0.8333333333333334,0.1143,-0.6,1.0,0.88,0.0,52.22999954223633,61.09999847412109,126,1321.6666666666667,0.6,0.611111111111111,0.20833333333333334,0.0,0.5156894731791576,0.022301210531030097,1.0,0.5294117647058824,0.8427396882598205,0.7239336181218726,0.4124066989800735,0.7833366531908466,0.59787167608546,0.4459608307945315,Alto,Alto,Alto,49055.77684367974,93177.8948970512,71116.83587036547
Napoli,San Paolo Bel Sito,D2,0.0,0.0,0.1812758620689655,-0.9603448275862068,1.0,0.92,0.0,52.66999816894531,65.52999877929688,232,935.0,0.9603448275862068,0.0,0.0,0.0,0.9655801117769489,0.07841553768320138,1.0,0.5882352941176472,0.8547944445260222,0.7764217724475269,0.37603299193968537,0.8156081084867746,0.59582055021323,0.39975678392830516,Alto,Alto,Alto,31643.176271724522,68633.42232916207,50138.2993004433
Napoli,Cimitile,B1,0.0,0.0,0.181304,-0.6,1.0,0.92,0.0,52.66999816894531,65.52999877929688,600,1091.6666666666667,0.6,0.0,0.0,0.0,0.965769120046061,0.022301210531030097,1.0,0.5882352941176472,0.8547944445260222,0.7764217724475269,0.3680436606706769,0.8156081084867746,0.5918258845787258,0.39356386052675546,Alto,Alto,Alto,36160.28966089401,80133.4966588256,58146.89315985981
Napoli,Pimonte,D3,0.0,1.78,0.1075,-1.0196969696969695,1.0,1.0388000000000002,0.0,52.22999954223633,61.09999847412109,200,1035.0,1.0196969696969695,0.0,0.445,0.0,0.470012474810479,0.08765808888587885,1.0,0.7629411764705886,0.8427396882598205,0.7239336181218726,0.3950873914524209,0.7833366531908466,0.5892120223216337,0.35951380166415836,Alto,Alto,Alto,36802.390513793005,72967.80924472735,54885.09987926018
Napoli,San Giuseppe Vesuviano,D3,3.0,0.0,0.166,-2.3,1.0,0.8000000000000002,0.0,52.33000183105469,41.400001525878906,6,825.8333333333334,2.3,1.0,0.0,0.0,0.8629690048939643,0.28703195967955114,1.0,0.4117647058823532,0.8454794768513993,0.49052133622515104,0.5088236672079812,0.6680004065382752,0.5884120368731283,0.6027482972610926,Alto,Medio,Alto,37818.319065233205,49649.1302159573,43733.72464059526
Napoli,Marano di Napoli,D5,1.625,0.78125,0.1534,-0.7895833333333333,0.525,0.7200000000000001,0.0,54.42406260967255,64.89249841372173,864,1203.3333333333333,0.7895833333333333,0.5416666666666666,0.1953125,0.0,0.7783322137990597,0.05182387986009311,0.525,0.29411764705882365,0.9028510020346971,0.7688684507170803,0.34089327248352047,0.8358597263758887,0.5883764994297046,0.4118057542055966,Alto,Alto,Alto,36918.74140996527,90523.60836650875,63721.17488823701
Napoli,Visciano,D2,0.0,1.2596153846153846,0.1836413461538461,-1.6827160493827158,1.0,0.92,0.0,53.06999969482422,51.22999954223633,312,735.0,1.6827160493827158,0.0,0.31490384615384615,0.0,0.9814695548190413,0.1909060522182145,1.0,0.5882352941176472,0.8657533898678407,0.6069905049294114,0.4393592496155355,0.7363719473986261,0.5878655985070809,0.4507760335697546,Alto,Alto,Alto,29063.614362067674,48711.00432041912,38887.3093412434
Napoli,Liveri,B2,0.8875,0.0,0.1809,-1.6232876712328763,1.0,0.9200000000000002,0.0,53.06999969482422,51.22999954223633,160,730.0,1.6232876712328763,0.29583333333333334,0.0,0.0,0.9630553689665099,0.18165162923686826,1.0,0.5882352941176473,0.8657533898678407,0.6069905049294114,0.43268223223633695,0.7363719473986261,0.5845270898174815,0.47640714755046687,Alto,Alto,Alto,28427.222657927337,48379.63694408973,38403.42980100853
Napoli,Casola di Napoli,D2,0.4014084507042254,1.4014084507042253,0.1125732394366197,-0.984507042253521,1.0,0.936338028169014,0.0,52.22999954223633,61.09999847412109,284,1035.0,0.984507042253521,0.13380281690140847,0.3503521126760563,0.0,0.5040904673796546,0.08217817367729874,1.0,0.612261806130903,0.8427396882598205,0.7239336181218726,0.38324076810933155,0.7833366531908466,0.583288710650089,0.36895318456070936,Alto,Alto,Alto,35698.87754938423,72967.80924472735,54333.343397055796
Napoli,Palma Campania,D2,0.2580645161290322,0.0,0.1776440860215054,-1.7824561403508772,1.0,0.88,0.0,52.897956027779536,57.38053684849893,558,896.6666666666666,1.7824561403508772,0.08602150537634407,0.0,0.0,0.9411847252188251,0.20643797516065157,1.0,0.5294117647058824,0.8610398649896394,0.6798641683780632,0.394722281494529,0.7704520166838513,0.5825871490891902,0.4211402445618747,Alto,Alto,Alto,31854.088116608487,62175.4777463868,47014.78293149765
Napoli,Giugliano in Campania,R1,0.0,0.0,0.1224894736842105,-2.593877551020408,0.525,0.7199999999999999,0.0,57.970001220703125,70.52999877929688,190,945.0,2.593877551020408,0.0,0.0,0.0,0.5706998520194545,0.3327957386440014,0.525,0.2941176470588233,1.0,0.8356634775376256,0.246087605388897,0.9178317387688129,0.5819596720788549,0.2548125655268593,Medio,Alto,Alto,20929.75083832569,78061.58938228754,49495.67011030661
Napoli,Somma Vesuviana,D3,0.0,0.0,0.1746,-0.7560747663551401,1.0,0.7622429906542056,0.0,52.130001068115234,69.12999725341797,749,1041.6666666666667,0.7560747663551401,0.0,0.0,0.0,0.9207369734190578,0.04660579277831048,1.0,0.35623969213853773,0.84000000418049,0.8190757820332644,0.3319403511908437,0.8295378931068772,0.5807391221488605,0.36047993686166263,Alto,Alto,Alto,31119.407924141597,77769.17747876974,54444.29270145567
Napoli,Caivano,E1,0.0,0.0,0.1388,-4.496875,0.65875,0.6987500000000001,0.0,52.43000030517578,70.43000030517578,64,,4.496875,0.0,0.0,0.0,0.6802610114192498,0.6291380564652319,0.65875,0.26286764705882365,0.8482191609307298,0.8344786615149573,0.31871667356332933,0.8413489112228436,0.5800327923930865,0.3234753029291728,Alto,Alto,Alto,,,
Napoli,Pozzuoli,E7,0.0,0.0,0.1542888888888888,0.4567901234567901,1.0,0.68,0.0,55.77000045776367,67.62999725341797,324,1035.0,0.4567901234567901,0.0,0.0,0.0,0.7843030632590171,0.0,1.0,0.2352941176470589,0.9397260096444948,0.8013032705062347,0.28851388298658226,0.8705146400753647,0.5795142615309735,0.31154447157389925,Medio,Alto,Alto,26875.068200200138,81088.43872302023,53981.753461610184
Napoli,Pomigliano d'Arco,E1,0.0,0.0,0.1728,-0.6629629629629629,1.0,0.7511111111111112,0.0,52.130001068115234,69.12999725341797,54,,0.6629629629629629,0.0,0.0,0.0,0.9086460032626428,0.032106053092086424,1.0,0.33986928104575176,0.84000000418049,0.8190757820332644,0.3258030482000687,0.8295378931068772,0.577670470653473,0.35436303785145823,Alto,Alto,Alto,,,
Napoli,Castello di Cisterna,R1,0.0,0.0,0.172002,-0.6,1.0,0.76,0.0,52.130001068115234,69.12999725341797,100,,0.6,0.0,0.0,0.0,0.9032856731599653,0.022301210531030097,1.0,0.35294117647058826,0.84000000418049,0.8190757820332644,0.32550400859451195,0.8295378931068772,0.5775209508506945,0.35353485925794986,Alto,Alto,Alto,,,
Napoli,Gragnano,B2,0.0,1.0769230769230769,0.1135,-0.7307692307692307,1.0,1.04,0.0,52.22999954223633,61.09999847412109,91,2008.3333333333333,0.7307692307692307,0.0,0.2692307692307692,0.0,0.5103157086651954,0.04266511431168556,1.0,0.7647058823529412,0.8427396882598205,0.7239336181218726,0.3695596392229416,0.7833366531908466,0.5764481462068941,0.34413702035842075,Alto,Alto,Alto,66797.9047895467,141588.10006424552,104193.00242689611
Napoli,Carbonara di Nola,R1,0.2941176470588235,0.0,0.1781,-2.606666666666667,1.0,0.88,0.0,53.06999969482422,51.22999954223633,102,825.0,2.606666666666667,0.0980392156862745,0.0,0.0,0.9442471931676425,0.33478731050634325,1.0,0.5294117647058824,0.8657533898678407,0.6069905049294114,0.41521221200944897,0.7363719473986261,0.5757920797040376,0.4387524325466733,Alto,Alto,Alto,30829.506741701585,54675.61709434799,42752.56191802479
Napoli,Caivano,R1,0.0,0.0,0.1388,-1.3676470588235294,0.9505882352941176,0.7841176470588236,0.0,52.43000030517578,70.43000030517578,68,,1.3676470588235294,0.0,0.0,0.0,0.6802610114192498,0.14184225815691937,0.9505882352941176,0.38840830449826996,0.8482191609307298,0.8344786615149573,0.3087285441955081,0.8413489112228436,0.5750387277091759,0.3157067578653118,Medio,Alto,Alto,,,
Napoli,Scisciano,D2,0.0,0.0,0.1772578947368421,-0.7631578947368421,1.0,0.7600000000000001,0.0,52.66999816894531,65.52999877929688,57,968.3333333333334,0.7631578947368421,0.0,0.0,0.0,0.9385905989424189,0.04770880565054761,1.0,0.3529411764705884,0.8547944445260222,0.7764217724475269,0.3341772258662221,0.8156081084867746,0.5748926671764983,0.3642034644451082,Alto,Alto,Alto,29123.545234241257,71080.2466546224,50101.89594443183
Napoli,Trecase,B1,1.0515463917525774,0.0,0.148,-2.3,1.0,0.8,0.0,51.130001068115234,57.869998931884766,485,1265.0,2.3,0.3505154639175258,0.0,0.0,0.7420593033298148,0.28703195967955114,1.0,0.41176470588235303,0.8126027453381921,0.685663482057409,0.39876734754417786,0.7491331136978006,0.5739502306209892,0.43154957778406505,Alto,Alto,Alto,45399.66251790465,85288.8049944946,65344.23375619962
Napoli,Scisciano,B1,0.0,0.0,0.1780777777777777,-0.6155555555555555,1.0,0.7600000000000001,0.0,52.66999816894531,65.52999877929688,540,1046.6666666666667,0.6155555555555555,0.0,0.0,0.0,0.9440979219311428,0.02472358339905578,1.0,0.3529411764705884,0.8547944445260222,0.7764217724475269,0.3316803831143981,0.8156081084867746,0.5736442458005864,0.3628734004146589,Alto,Alto,Alto,31244.292089376304,76830.28381945417,54037.28795441524
Napoli,Cicciano,D2,0.75,0.0,0.1836,-0.6,1.0,0.92,0.0,52.5,52.59999847412109,96,1001.6666666666666,0.6,0.25,0.0,0.0,0.9811918242011325,0.022301210531030097,1.0,0.5882352941176472,0.8501369606887107,0.6232227194687048,0.40596118983568713,0.7366798400787078,0.5713205149571975,0.4525466836723269,Alto,Alto,Alto,36597.40126368719,66411.68758309551,51504.54442339135
Napoli,Gragnano,C3,0.0,1.1041666666666667,0.1135,-0.8125,1.0,0.9675,0.0,52.22999954223633,61.09999847412109,336,1775.0,0.8125,0.0,0.2760416666666667,0.0,0.5103157086651954,0.05539255417459524,1.0,0.6580882352941178,0.8427396882598205,0.7239336181218726,0.3571197378286536,0.7833366531908466,0.5702281955097501,0.3344615414961967,Alto,Alto,Alto,57049.87811812741,125138.03034723774,91093.95423268258
Napoli,Camposano,D2,0.68,0.0,0.1808,-0.6,1.0,0.92,0.0,52.5,52.59999847412109,100,1001.6666666666666,0.6,0.22666666666666668,0.0,0.0,0.9623836484022648,0.022301210531030097,1.0,0.5882352941176472,0.8501369606887107,0.6232227194687048,0.39994097424537267,0.7366798400787078,0.5683104071620402,0.4431819038651711,Alto,Alto,Alto,36054.67882822035,66411.68758309551,51233.18320565792
Napoli,Vico Equense,R1,0.0,3.967741935483871,0.0987709677419354,-2.265384615384616,1.0,0.9238709677419356,0.0,52.21354859875095,41.61580559515184,31,1030.0,2.265384615384616,0.0,0.9919354838709677,0.0,0.4113777700734555,0.2816415145611425,1.0,0.5939278937381406,0.8422889775029515,0.4930782564309731,0.46841180889195805,0.6676836169669623,0.5680477129294602,0.4100289369241291,Alto,Medio,Alto,43421.77468428451,61894.27129283741,52658.02298856096
Napoli,Casandrino,B1,1.4827586206896555,0.0,0.1555465517241379,-0.8051724137931032,0.58,0.68,0.0,54.0,64.02999877929688,348,900.0,0.8051724137931032,0.4942528735632185,0.0,0.0,0.7927510431522554,0.05425147335929985,0.58,0.2352941176470589,0.8912328489521576,0.7586492609204972,0.30807850110311896,0.8249410549363274,0.5665097780197232,0.38261704715970074,Medio,Alto,Alto,24954.358589352636,66820.22544984252,45887.29201959758
Napoli,Lettere,D2,0.0,1.9555555555555555,0.1109,-0.7511111111111111,1.0,0.88,0.0,51.418445926242406,59.40844336615668,90,1070.0,0.7511111111111111,0.0,0.4888888888888889,0.0,0.49285097399481825,0.0458328326775653,1.0,0.5294117647058824,0.8205053437780321,0.7038914963519372,0.36528349432387924,0.7621984200649846,0.563740957194432,0.3388706038068859,Alto,Alto,Alto,35176.80050338957,73399.70785225801,54288.2541778238
Napoli,Cercola,D3,0.0,0.0,0.1708,-1.67037037037037,1.0,0.52,0.0,52.130001068115234,69.12999725341797,54,1117.5,1.67037037037037,0.0,0.0,0.0,0.8952115919777373,0.18898353406898777,1.0,0.0,0.84000000418049,0.8190757820332644,0.2977421608638179,0.8295378931068772,0.5636400269853475,0.3310451908916069,Medio,Alto,Alto,29945.417828878482,83430.77359922418,56688.09571405133
Napoli,Pomigliano d'Arco,D2,0.0,0.0,0.1707239436619718,-0.6239436619718309,1.0,0.6304225352112677,0.0,52.130001068115234,69.12999725341797,355,1376.6666666666667,0.6239436619718309,0.0,0.0,0.0,0.8947007059147899,0.02602981263171349,1.0,0.16238608119304068,0.84000000418049,0.8190757820332644,0.29758808567707773,0.8295378931068772,0.5635629893919775,0.33086858951714826,Medio,Alto,Alto,36871.16381538993,102779.74495594208,69825.454385666
Napoli,Torre del Greco,D5,0.2771084337349397,1.6385542168674698,0.1637433734939759,-2.3,1.0,0.52,0.0,51.130001068115234,57.869998931884766,249,1283.3333333333333,2.3,0.09236947791164657,0.40963855421686746,0.0,0.8478107805947909,0.28703195967955114,1.0,0.0,0.8126027453381921,0.685663482057409,0.3766929674861223,0.7491331136978006,0.5629130405919615,0.39744789232325484,Alto,Alto,Alto,43508.037744647125,86524.87463209596,65016.45618837155
Napoli,Acerra,R3,0.0,0.0,0.15037,-0.614,0.9874,0.6944,0.0,52.38400039672852,69.6770004272461,200,655.0,0.614,0.0,0.0,0.0,0.7579790807024279,0.024481346112253215,0.9874,0.2564705882352941,0.846958889532278,0.8255568621747191,0.28947585929285363,0.8362578758534986,0.5628668675731762,0.3093677884169337,Medio,Alto,Alto,17064.60190531372,49297.40178156374,33181.00184343874
Napoli,Striano,R2,0.0,0.0,0.1633524752475247,-1.637974683544304,1.0,0.88,0.0,51.862969842287576,56.46831701297571,101,825.0,1.637974683544304,0.0,0.0,0.0,0.8451850366881039,0.1839387491027258,1.0,0.5294117647058824,0.8326840805675135,0.6690558766833823,0.36550507864238746,0.7508699786254479,0.5581875286339177,0.3781911763538684,Alto,Alto,Alto,27138.752089197267,55752.095912939505,41445.42400106839
Napoli,Cercola,D2,0.0,0.0,0.1706026315789473,-1.181578947368421,1.0,0.52,0.0,52.097237837942025,69.04710257680793,152,1265.0,1.181578947368421,0.0,0.0,0.0,0.8938858277062003,0.11286699313447152,1.0,0.0,0.8391023814829248,0.8180936176362101,0.2866789744058102,0.8285979995595675,0.5576384869826888,0.32229318317187466,Medio,Alto,Alto,32638.40123610149,94335.88224985676,63487.14174297912
Napoli,Frattaminore,D3,0.9148936170212766,0.0,0.1507680851063829,-0.6,0.58,0.68,0.0,52.43000030517578,70.43000030517578,470,1027.5,0.6,0.3049645390070922,0.0,0.0,0.7606531002251995,0.022301210531030097,0.58,0.2352941176470589,0.8482191609307298,0.8344786615149573,0.27188756677291154,0.8413489112228436,0.5566182389978775,0.32987006740474134,Medio,Alto,Alto,25142.802737324993,77803.74056533247,51473.27165132872
Napoli,Pollena Trocchia,D4,0.0,0.0,0.171174,-1.01340206185567,1.0,0.52,0.0,52.130001068115234,69.12999725341797,200,972.5,1.01340206185567,0.0,0.0,0.0,0.8977238268880144,0.0866778208454976,1.0,0.0,0.84000000418049,0.8190757820332644,0.283485949676216,0.8295378931068772,0.5565119213915466,0.3202361638468363,Medio,Alto,Alto,24812.107745410805,72605.30409417943,48708.70591979512
Napoli,Sant'Anastasia,D4,0.0,0.0,0.1718266666666666,-0.8609523809523809,1.0,0.52,0.0,52.130001068115234,69.12999725341797,630,1075.0,0.8609523809523809,0.0,0.0,0.0,0.9021079231039885,0.06293775129668543,1.0,0.0,0.84000000418049,0.8190757820332644,0.2807208106286677,0.8295378931068772,0.5551293518677725,0.3185726219449625,Medio,Alto,Alto,27159.738428323602,80257.79115809037,53708.76479320699
Napoli,Casamarciano,B2,0.0326086956521739,0.0,0.1833565217391304,-0.6184782608695653,1.0,0.92,0.0,53.06999969482422,51.22999954223633,276,1030.0,0.6184782608695653,0.010869565217391299,0.0,0.0,0.9795563306534045,0.025178718673948816,1.0,0.5882352941176472,0.8657533898678407,0.6069905049294114,0.3719771298089131,0.7363719473986261,0.5541745386037696,0.3993628671703542,Alto,Alto,Alto,34482.27993328625,68261.67952385264,51371.979728569444
Napoli,Sant'Antonio Abate,D4,0.0,0.0,0.1272,-0.8935483870967742,1.0,0.88,0.0,52.22999954223633,61.09999847412109,124,725.0,0.8935483870967742,0.0,0.0,0.0,0.602341425966798,0.0680137307824825,1.0,0.5294117647058824,0.8427396882598205,0.7239336181218726,0.31425241735073756,0.7833366531908466,0.548794535270792,0.3113453719357734,Alto,Alto,Alto,20504.970232135627,51112.71662070274,35808.84342641918
Napoli,Quarto,D3,0.0,0.0,0.1494307692307692,-0.7903846153846155,0.525,0.6911538461538462,0.0,55.77000045776367,67.62999725341797,520,1268.3333333333333,0.7903846153846155,0.0,0.0,0.0,0.7516700744797855,0.05194865868227851,0.525,0.2516968325791856,0.9397260096444948,0.8013032705062347,0.2257593665344642,0.8705146400753647,0.5481370033049144,0.259109515580115,Medio,Alto,Alto,25770.431689909088,99369.24616460288,62569.83892725598
Napoli,Massa Lubrense,D6,0.15,2.17,0.0983,-1.044,1.0,0.9200000000000002,0.97,52.20000076293945,25.56999969482422,500,3066.6666666666665,1.044,0.049999999999999996,0.5425,0.97,0.40821418289991374,0.0914426532498203,1.0,0.5882352941176473,0.841917803938471,0.3029620762149381,0.5214845900381972,0.5724399400767046,0.5469622650574509,0.45651181257414386,Alto,Medio,Alto,143929.74685054243,157993.4234611705,150961.58515585645
Napoli,Pompei,D2,0.0,0.0,0.1257,-0.6,1.0,0.88,0.0,52.22999954223633,61.09999847412109,72,1543.3333333333333,0.6,0.0,0.0,0.0,0.5922656175031188,0.022301210531030097,1.0,0.5294117647058824,0.8427396882598205,0.7239336181218726,0.3062826561057187,0.7833366531908466,0.5448096546482826,0.3040271344714611,Medio,Alto,Alto,42542.66093308433,108805.46112820858,75674.06103064645
Napoli,Qualiano,D5,0.0,0.0,0.1397,-0.628813559322034,0.525,0.72,0.0,55.77000045776367,67.62999725341797,118,990.0,0.628813559322034,0.0,0.0,0.0,0.6863064964974571,0.026788172381005046,0.525,0.2941176470588235,0.9397260096444948,0.8013032705062347,0.21888747370532652,0.8705146400753647,0.5447010568903456,0.24650209027052694,Medio,Alto,Alto,19502.873907144593,77562.854430715,48532.864168929795
Napoli,Sorrento,D5,0.0,2.24,0.098174,-0.8210000000000001,1.0,0.92,1.0,52.20000076293945,25.56999969482422,300,3716.6666666666665,0.8210000000000001,0.0,0.56,1.0,0.4073678149889647,0.05671620792033785,1.0,0.5882352941176472,0.841917803938471,0.3029620762149381,0.5160456167181356,0.5724399400767046,0.5442427783974202,0.4466319035573238,Alto,Medio,Alto,172617.25879221637,191481.1599556577,182049.20937393705
Napoli,Santa Maria la Carità,D1,0.0,0.0,0.1209967032967033,-0.6373626373626373,1.0,0.88,0.0,52.22999954223633,61.09999847412109,182,1172.5,0.6373626373626373,0.0,0.0,0.0,0.5606726063496048,0.028119468754074513,1.0,0.5294117647058824,0.8427396882598205,0.7239336181218726,0.3026005485442231,0.7833366531908466,0.5429686008675348,0.2976529384621296,Medio,Alto,Alto,31931.92288512914,82661.60032796409,57296.76160654661
Napoli,Napoli,E42,0.4000000000000001,0.0,0.1626,-0.6,0.58,0.68,0.0,54.0,64.02999877929688,180,1175.0,0.6,0.13333333333333336,0.0,0.0,0.8401305057096249,0.022301210531030097,0.58,0.2352941176470589,0.8912328489521576,0.7586492609204972,0.2587227381744353,0.8249410549363274,0.5418318965553813,0.30939144514044503,Medio,Alto,Alto,27359.929561946534,87237.51655951662,57298.72306073157
Napoli,Melito di Napoli,D3,0.4782608695652174,0.0,0.1578630434782608,-0.6,0.58,0.68,0.0,54.0,64.02999877929688,322,1081.6666666666667,0.6,0.15942028985507248,0.0,0.0,0.808311394633745,0.022301210531030097,0.58,0.2352941176470589,0.8912328489521576,0.7586492609204972,0.2579038589524152,0.8249410549363274,0.5414224569443713,0.30811763301730266,Medio,Alto,Alto,25106.94066901762,80308.01169805147,52707.47618353455
Napoli,Casandrino,C2,0.4761904761904761,0.0,0.1564357142857143,-0.7476190476190476,0.58,0.68,0.0,53.6785713377453,64.38714163643974,84,890.0,0.7476190476190476,0.1587301587301587,0.0,0.0,0.798723730927934,0.04528903468678403,0.58,0.2352941176470589,0.8824265846930323,0.7628808112840758,0.25971957742741936,0.822653697988554,0.5411866377079867,0.3083878812944476,Medio,Alto,Alto,20803.53815193629,65894.56120888318,43349.049680409735
Napoli,Casavatore,B4,0.0,0.0,0.1648,-3.16,0.58,0.5733333333333334,0.0,51.29999923706055,67.02999877929688,210,1367.5,3.16,0.0,0.0,0.0,0.8549083581230208,0.4209545739546854,0.58,0.07843137254901963,0.8172602291755034,0.7941942839745565,0.27632775780381796,0.80572725657503,0.5410275071894239,0.30991140697219405,Medio,Alto,Alto,34009.038791704894,99164.88210297181,66586.96044733835
Napoli,Grumo Nevano,C2,0.88,0.0,0.153092,-0.696,0.58,0.68,0.0,51.29999923706055,67.02999877929688,800,1113.3333333333333,0.696,0.29333333333333333,0.0,0.0,0.7762633144611842,0.037250711659417166,0.58,0.2352941176470589,0.8172602291755034,0.7941942839745565,0.27459163958585625,0.80572725657503,0.5401594480804431,0.33241534721061233,Medio,Alto,Alto,27514.082286502795,80733.871108818,54123.9766976604
Napoli,Sant'Antimo,D6,0.0,0.0,0.1521525,-1.08875,0.58,0.68,0.0,53.75775012969971,66.97949981689453,160,870.0,1.08875,0.0,0.0,0.0,0.7699524997600998,0.09841130091122992,0.58,0.2352941176470589,0.8845958665510276,0.7935959550469573,0.2405225597597698,0.8390959107989925,0.5398092352793812,0.27262337978649875,Medio,Alto,Alto,18832.916429189976,65701.20981556112,42267.06312237555
Napoli,Capri,D5,0.3333333333333333,4.0,0.0846111111111111,-0.6,,0.9200000000000002,1.0,52.20000076293945,25.56999969482422,72,7750.0,0.6,0.1111111111111111,1.0,1.0,0.31626310121656065,0.022301210531030097,,0.5882352941176473,0.841917803938471,0.3029620762149381,0.5063184528293915,0.5724399400767046,0.5393791964530481,,Alto,Medio,Alto,353157.1208485006,399276.8582035015,376216.98952600104
Napoli,Crispano,D2,0.0,0.0,0.1532928571428571,-0.8321428571428571,0.58,0.68,0.0,52.43000030517578,70.43000030517578,28,,0.8321428571428571,0.0,0.0,0.0,0.7776125131945109,0.0584514178727399,0.58,0.2352941176470589,0.8482191609307298,0.8344786615149573,0.2359082926734728,0.8413489112228436,0.5386286019481582,0.26988561798986893,Medio,Alto,Alto,,,
Napoli,Nola,E2,0.2386363636363636,0.0,0.1723,-0.6954545454545454,1.0,0.7599999999999999,0.0,52.5,52.59999847412109,176,932.5,0.6954545454545454,0.07954545454545453,0.0,0.0,0.9052874004414164,0.03716577131209679,1.0,0.3529411764705881,0.8501369606887107,0.6232227194687048,0.3392771146813652,0.7366798400787078,0.5379784773800365,0.3733080730840474,Alto,Alto,Alto,28473.831849633574,61825.85557860555,45149.84371411956
Napoli,Melito di Napoli,B3,0.3478260869565217,0.0,0.1551,-0.6,0.58,0.68,0.0,54.0,64.02999877929688,161,1265.0,0.6,0.11594202898550722,0.0,0.0,0.7897514633912293,0.022301210531030097,0.58,0.2352941176470589,0.8912328489521576,0.7586492609204972,0.24904126007926078,0.8249410549363274,0.5369911575077941,0.29433136810350685,Medio,Alto,Alto,28353.34746002384,93919.53910450087,61136.443282262364
Napoli,Frattaminore,D2,0.0,0.0,0.154475,-0.6,0.58,0.68,0.0,52.43000030517578,70.43000030517578,8,,0.6,0.0,0.0,0.0,0.7855532098646963,0.022301210531030097,0.58,0.2352941176470589,0.8482191609307298,0.8344786615149573,0.23187836257754074,0.8413489112228436,0.5366136369001921,0.2676335275452757,Medio,Alto,Alto,,,
Napoli,Crispano,D6,0.0,0.0,0.1536,-0.6,0.58,0.68,0.0,52.43000030517578,70.43000030517578,3,892.5,0.6,0.0,0.0,0.0,0.7796756549275501,0.022301210531030097,0.58,0.2352941176470589,0.8482191609307298,0.8344786615149573,0.23103871187223415,0.8413489112228436,0.5361938115475389,0.2663274042259099,Medio,Alto,Alto,18558.18453113721,67581.35129397492,43069.76791255606
Napoli,Crispano,C2,0.0,0.0,0.1526249999999999,-0.6,0.58,0.68,0.0,52.43000030517578,70.43000030517578,360,1201.6666666666667,0.6,0.0,0.0,0.0,0.7731263794261581,0.022301210531030097,0.58,0.2352941176470589,0.8482191609307298,0.8344786615149573,0.230103101086321,0.8413489112228436,0.5357260061545823,0.264872009670045,Medio,Alto,Alto,24885.65038248562,90991.88474875054,57938.76756561808
Napoli,Frattamaggiore,D4,0.6336633663366337,0.0,0.1562,-0.6277227722772277,0.58,0.68,0.0,51.322375495835104,67.09732554218557,606,1322.5,0.6277227722772277,0.21122112211221122,0.0,0.0,0.7971403895979273,0.026618310691867954,0.58,0.2352941176470589,0.8178732773290722,0.7949919944209012,0.2643248485784379,0.8064326358749867,0.5353787422267123,0.3176261613065782,Medio,Alto,Alto,31461.265102048572,95985.6444850203,63723.45479353444
Napoli,Marigliano,R1,0.0,0.0,0.1752,-0.6,1.0,0.7600000000000001,0.0,52.46135425567627,53.35104036331177,96,,0.6,0.0,0.0,0.0,0.9247672968045294,0.022301210531030097,1.0,0.3529411764705884,0.8490781732283202,0.6321213198906538,0.32857281197230687,0.740599746559487,0.534586279265897,0.35830855340118634,Alto,Alto,Alto,,,
Napoli,Mugnano di Napoli,D1,0.233009708737864,0.0,0.1555514563106796,-0.6,0.58,0.68,0.0,54.0,64.02999877929688,824,1321.6666666666667,0.6,0.07766990291262134,0.0,0.0,0.7927839882686472,0.022301210531030097,0.58,0.2352941176470589,0.8912328489521576,0.7586492609204972,0.24400703133705104,0.8249410549363274,0.5344740431366892,0.2865003456156251,Medio,Alto,Alto,29024.63637754222,98126.73848467614,63575.68743110918
Napoli,Nola,E1,0.0,0.0,0.17447500000000002,-0.7749999999999999,1.0,0.7600000000000001,0.0,52.5,52.59999847412109,24,,0.7749999999999999,0.0,0.0,0.0,0.9198973227137514,0.04955290529631902,1.0,0.3529411764705884,0.8501369606887107,0.6232227194687048,0.3317702006400941,0.7366798400787078,0.534225020359401,0.36025430302160116,Alto,Alto,Alto,,,
Napoli,Ercolano,D4,0.5217391304347826,0.0869565217391304,0.1691791304347826,-1.4473684210526316,1.0,0.52,0.0,51.130001068115234,57.869998931884766,920,1535.0,1.4473684210526316,0.17391304347826086,0.0217391304347826,0.0,0.884323877788579,0.1542567851840081,1.0,0.0,0.8126027453381921,0.685663482057409,0.31917611955509007,0.7491331136978006,0.5341546166264453,0.3658299731280523,Alto,Alto,Alto,44094.18091653569,103492.73965735115,73793.46028694342
Napoli,Frattaminore,C2,0.0,0.0,0.1493,-0.6,0.58,0.68,0.0,52.43000030517578,70.43000030517578,38,1166.25,0.6,0.0,0.0,0.0,0.7507916706650033,0.022301210531030097,0.58,0.2352941176470589,0.8482191609307298,0.8344786615149573,0.22691242840615602,0.8413489112228436,0.5341306698144999,0.25990874105645506,Medio,Alto,Alto,23817.295766581152,88310.08509422772,56063.690430404444
Napoli,Meta,C4,0.10588235294117639,1.5647058823529412,0.1012,-0.6164705882352941,1.0,0.92,1.0,52.20000076293945,25.56999969482422,510,3658.3333333333335,0.6164705882352941,0.035294117647058795,0.3911764705882353,1.0,0.4276940792630267,0.02486607592070435,1.0,0.5882352941176472,0.841917803938471,0.3029620762149381,0.4953237196480961,0.5724399400767046,0.5338818298624004,0.4366949149385287,Alto,Medio,Alto,163085.33469413564,188475.850270255,175780.59248219532
Napoli,Casavatore,C4,0.0,0.0,0.1648,-1.4887323943661972,0.58,0.6777464788732395,0.0,51.29999923706055,67.02999877929688,497,1313.3333333333333,1.4887323943661972,0.0,0.0,0.0,0.8549083581230208,0.16069814732698437,0.58,0.23198011599005802,0.8172602291755034,0.7941942839745565,0.26108380306286616,0.80572725657503,0.5334055298189481,0.29805499772923155,Medio,Alto,Alto,30860.10552203078,95236.96172716854,63048.53362459966
Napoli,Calvizzano,D2,0.0483870967741935,0.0,0.1554354838709677,-0.8467741935483871,0.525,0.72,0.0,54.0,64.02999877929688,124,900.0,0.8467741935483871,0.0161290322580645,0.0,0.0,0.7920049775422454,0.06072986766549284,0.525,0.2941176470588235,0.8912328489521576,0.7586492609204972,0.2411402177892323,0.8249410549363274,0.5330406363627799,0.27734617048054844,Medio,Alto,Alto,19532.357640927818,66820.22544984252,43176.29154538517
Napoli,Mugnano di Napoli,C1,0.0,0.0,0.1601,-0.6,0.58,0.68,0.0,54.0,64.02999877929688,32,1423.3333333333333,0.6,0.0,0.0,0.0,0.8233374916034929,0.022301210531030097,0.58,0.2352941176470589,0.8912328489521576,0.7586492609204972,0.23727611711165456,0.8249410549363274,0.531108586023991,0.27603003459834163,Medio,Alto,Alto,30395.07060200295,105674.94913734354,68035.00986967325
Napoli,Calvizzano,C4,0.0,0.0,0.1566090909090909,-0.703030303030303,0.525,0.72,0.0,54.0,64.02999877929688,165,1051.6666666666667,0.703030303030303,0.0,0.0,0.0,0.7998883373607488,0.038345498358213194,0.525,0.2941176470588235,0.8912328489521576,0.7586492609204972,0.23676449753968365,0.8249410549363274,0.5308527762380055,0.2730266466820594,Medio,Alto,Alto,22409.759692131058,78080.67084972339,50245.21527092723
Napoli,Calvizzano,C3,0.0,0.0,0.1574,-0.6,0.525,0.7200000000000001,0.0,54.0,64.02999877929688,30,1155.0,0.6,0.0,0.0,0.0,0.8052010363688706,0.022301210531030097,0.525,0.29411764705882365,0.8912328489521576,0.7586492609204972,0.23523141342267492,0.8249410549363274,0.5300862341795012,0.27242454781417724,Medio,Alto,Alto,24452.305425287057,85752.62266063124,55102.464042959145
Napoli,Massa di Somma,B2,0.0,0.5463917525773195,0.1698,-1.431958762886598,1.0,0.52,0.0,51.130001068115234,57.869998931884766,485,1385.0,1.431958762886598,0.0,0.13659793814432988,0.0,0.8884943863352845,0.15185713203670415,1.0,0.0,0.8126027453381921,0.685663482057409,0.31099277950233123,0.7491331136978006,0.5300629466000659,0.34060487142795587,Alto,Alto,Alto,38765.24996496559,93379.44262243084,66072.34629369821
Napoli,Napoli,E48,0.11111111111111109,0.0,0.1624777777777777,-0.7416666666666666,0.58,0.68,0.0,52.087499459584556,66.15499877929688,504,1115.0,0.7416666666666666,0.03703703703703703,0.0,0.0,0.8393095139088801,0.044362106293406846,0.58,0.2352941176470589,0.838835576610361,0.7838269855837893,0.24800039641234037,0.8113312810970752,0.5296658387547077,0.2902610362035889,Medio,Alto,Alto,24886.839779978356,81417.09405809149,53151.96691903492
Napoli,Arzano,D3,0.0,0.0,0.16028,-1.2799999999999998,0.58,0.68,0.0,51.29999923706055,67.02999877929688,10,1155.0,1.2799999999999998,0.0,0.0,0.0,0.8245465886191345,0.12819351019043848,0.58,0.2352941176470589,0.8172602291755034,0.7941942839745565,0.2525763166366617,0.80572725657503,0.5291517866058458,0.28806453389730735,Medio,Alto,Alto,26255.308114380983,83755.34832097437,55005.32821767768
Napoli,Casalnuovo di Napoli,D4,0.0,0.0,0.1694010204081633,-0.6,0.6228571428571429,0.68,0.0,51.29999923706055,67.02999877929688,686,1463.3333333333333,0.6,0.0,0.0,0.0,0.8858143583697755,0.022301210531030097,0.6228571428571429,0.2352941176470589,0.8172602291755034,0.7941942839745565,0.2523238327721439,0.80572725657503,0.529025544673587,0.2946756875305314,Medio,Alto,Alto,33231.048776091346,106114.27969093145,69672.6642335114
Napoli,Melito di Napoli,C3,0.0,0.0,0.1551,-0.6,0.58,0.6800000000000002,0.0,54.0,64.02999877929688,243,1368.3333333333333,0.6,0.0,0.0,0.0,0.7897514633912293,0.022301210531030097,0.58,0.23529411764705904,0.8912328489521576,0.7586492609204972,0.2324781130813312,0.8249410549363274,0.5287095840088293,0.2685664727733942,Medio,Alto,Alto,28629.67962596594,101591.49091540872,65110.58527068733
Napoli,Sant'Antimo,C6,0.0,0.0,0.1525,-0.6,0.58,0.68,0.0,53.96833335028754,64.41555447048611,144,1008.3333333333334,0.6,0.0,0.0,0.0,0.7722867287208521,0.022301210531030097,0.58,0.2352941176470589,0.8903652695533169,0.7632174562311457,0.229983150985563,0.8267913628922312,0.5283872569388971,0.26468542062442146,Medio,Alto,Alto,20870.970951939842,75031.31618246998,47951.14356720491
Napoli,Villaricca,C1,0.0,0.0,0.151926,-0.645,0.525,0.72,0.0,54.0,64.02999877929688,900,1268.3333333333333,0.645,0.0,0.0,0.0,0.7684310526820843,0.029308789184961544,0.525,0.2941176470588235,0.8912328489521576,0.7586492609204972,0.23097964127512416,0.8249410549363274,0.5279603481057258,0.26503206017866154,Medio,Alto,Alto,26366.32605155542,94167.02142098178,60266.673736268596
Napoli,Arzano,C2,0.0,0.0,0.1631851063829787,-1.0223404255319148,0.58,0.68,0.0,51.29999923706055,67.02999877929688,846,1266.6666666666667,1.0223404255319148,0.0,0.0,0.0,0.8440607856068045,0.08806973832324715,0.58,0.2352941176470589,0.8172602291755034,0.7941942839745565,0.24963209165387296,0.80572725657503,0.5276796741144515,0.28794282524265724,Medio,Alto,Alto,28458.058448541517,91852.90724955342,60155.48284904747
Napoli,Poggiomarino,R1,0.1224489795918367,0.0,0.1643,-2.2966292134831456,1.0,0.8799999999999999,0.0,52.33000183105469,41.400001525878906,294,703.75,2.2966292134831456,0.040816326530612235,0.0,0.0,0.8515497553017944,0.28650704742082966,1.0,0.5294117647058822,0.8454794768513993,0.49052133622515104,0.38689784199415983,0.6680004065382752,0.5274491242662175,0.4000723306435028,Alto,Medio,Alto,24505.1420673051,42309.475749118006,33407.30890821155
Napoli,Casoria,D3,0.0,0.0,0.1636950495049505,-0.9643564356435645,0.58,0.68,0.0,51.29999923706055,67.02999877929688,909,1201.6666666666667,0.9643564356435645,0.0,0.0,0.0,0.8474861784230434,0.07904024121632759,0.58,0.2352941176470589,0.8172602291755034,0.7941942839745565,0.2488315053266328,0.80572725657503,0.5272793809508314,0.28770074618994146,Medio,Alto,Alto,26911.12730107534,87139.4027985895,57025.265049832415
Napoli,Volla,D3,0.0,0.0,0.1707521739130434,-2.0782608695652174,0.58,0.52,0.0,51.29999923706055,67.02999877929688,92,,2.0782608695652174,0.0,0.0,0.0,0.894890334316576,0.2525018619645267,0.58,0.0,0.8172602291755034,0.7941942839745565,0.24677031375444322,0.80572725657503,0.5262487851647366,0.2913647256219643,Medio,Alto,Alto,,,
Napoli,Portici,D6,0.34653465346534656,0.0,0.16790000000000002,-1.205940594059406,1.0,0.52,0.0,51.18346627868048,57.9947515431017,303,1716.6666666666667,1.205940594059406,0.11551155115511552,0.0,0.0,0.8757316956146246,0.1166606854750574,1.0,0.0,0.8140675455511059,0.6871415935379956,0.3011291331778282,0.7506045695445508,0.5258668513611895,0.34434968655717085,Medio,Alto,Alto,46524.45107597446,115968.4059946331,81246.42853530377
Napoli,Boscotrecase,B1,0.5806451612903226,0.0,0.1542,-2.205555555555556,1.0,0.8000000000000002,0.0,52.33000183105469,41.400001525878906,558,1113.3333333333333,2.205555555555556,0.19354838709677422,0.0,0.0,0.7837059783130219,0.27232469583796676,1.0,0.4117647058823532,0.8454794768513993,0.49052133622515104,0.38019196673287375,0.6680004065382752,0.5240961866355744,0.4042886813933236,Alto,Medio,Alto,38095.23506663395,66933.64073513518,52514.43790088456
Napoli,Afragola,D5,0.0,0.0,0.1602,-0.7854545454545455,0.58,0.68,0.0,51.29999923706055,67.02999877929688,330,1025.0,0.7854545454545455,0.0,0.0,0.0,0.8240092121677384,0.05118092861995968,0.58,0.2352941176470589,0.8172602291755034,0.7941942839745565,0.24149775120496525,0.80572725657503,0.5236125038899976,0.2793881634002772,Medio,Alto,Alto,22278.167548658043,74328.33941904652,48303.25348385228
Napoli,San Giuseppe Vesuviano,B2,0.0,0.0,0.1703,-2.187234042553192,1.0,0.8544680851063831,0.0,52.33000183105469,41.400001525878906,423,1041.6666666666667,2.187234042553192,0.0,0.0,0.0,0.8918529891565109,0.26947159709523133,1.0,0.49186483103879863,0.8454794768513993,0.49052133622515104,0.3790270596129344,0.6680004065382752,0.5235137330756048,0.3938936007163391,Alto,Medio,Alto,35533.7868387126,62625.0381129633,49079.41247583795
Napoli,Sant'Agnello,C5,0.3076923076923077,0.3076923076923077,0.1012,-1.181578947368421,1.0,0.9200000000000002,1.0,52.20000076293945,25.56999969482422,195,4133.333333333333,1.181578947368421,0.10256410256410257,0.07692307692307693,1.0,0.4276940792630267,0.11286699313447152,1.0,0.5882352941176473,0.841917803938471,0.3029620762149381,0.4726119351431893,0.5724399400767046,0.5225259376099469,0.4265046364254949,Alto,Medio,Medio,175811.63987326642,212947.65770853413,194379.64879090025
Napoli,San Giorgio a Cremano,D6,0.0,0.0,0.1696,-0.8919642857142857,1.0,0.52,0.0,51.66839255605425,59.12625030108861,448,1637.5,0.8919642857142857,0.0,0.0,0.0,0.8871509452067942,0.0677670482261805,1.0,0.0,0.8273531962917472,0.7005479766840904,0.2792739990618535,0.7639505864879188,0.5216122927748862,0.31578543762664096,Medio,Alto,Medio,41158.005611740664,112587.21768365703,76872.61164769885
Napoli,Cardito,B1,0.0,0.0,0.1596,-0.6,0.58,0.68,0.0,51.29999923706055,67.02999877929688,588,1156.6666666666667,0.6,0.0,0.0,0.0,0.8199788887822665,0.022301210531030097,0.58,0.2352941176470589,0.8172602291755034,0.7941942839745565,0.2367963167086222,0.80572725657503,0.5212617866418261,0.2752836784158469,Medio,Alto,Medio,24650.49656936757,83876.20740946062,54263.3519894141
Napoli,Cardito,C2,0.0,0.0,0.1596,-0.6,0.58,0.68,0.0,51.29999923706055,67.02999877929688,8,1070.0,0.6,0.0,0.0,0.0,0.8199788887822665,0.022301210531030097,0.58,0.2352941176470589,0.8172602291755034,0.7941942839745565,0.2367963167086222,0.80572725657503,0.5212617866418261,0.2752836784158469,Medio,Alto,Medio,22803.485299040316,77591.53480817539,50197.51005360785
Napoli,San Giuseppe Vesuviano,C3,0.0,0.0188679245283018,0.1703,-2.3,1.0,0.8000000000000002,0.0,52.33000183105469,41.400001525878906,265,836.6666666666666,2.3,0.0,0.00471698113207545,0.0,0.8918529891565109,0.28703195967955114,1.0,0.4117647058823532,0.8454794768513993,0.49052133622515104,0.37076666226435584,0.6680004065382752,0.5193835344013156,0.3874688472230002,Alto,Medio,Medio,27918.729668505996,50300.43061233212,39109.580140419064
Napoli,Sant'Agnello,B1,0.234375,0.390625,0.1012,-0.8125,1.0,0.9200000000000002,1.0,52.20000076293945,25.56999969482422,320,3712.5,0.8125,0.078125,0.09765625,1.0,0.4276940792630267,0.05539255417459524,1.0,0.5882352941176473,0.841917803938471,0.3029620762149381,0.4638718825078956,0.5724399400767046,0.5181559112923001,0.41699136186869956,Alto,Medio,Medio,154991.19274295063,191266.49497812893,173128.84386053978
Napoli,Meta,B3,0.0,0.7857142857142857,0.1012,-0.6,1.0,0.9200000000000002,1.0,52.20000076293945,25.56999969482422,70,3475.0,0.6,0.0,0.19642857142857142,1.0,0.4276940792630267,0.022301210531030097,1.0,0.5882352941176473,0.841917803938471,0.3029620762149381,0.4620941650486108,0.5724399400767046,0.5172670525626577,0.4069281371781447,Alto,Medio,Medio,144519.950118953,179030.59125898939,161775.27068897118
Napoli,Volla,D2,0.1764705882352941,0.0,0.1705686274509804,-0.7490196078431371,0.5964705882352941,0.52,0.0,51.29999923706055,67.02999877929688,408,1376.6666666666667,0.7490196078431371,0.0588235294117647,0.0,0.0,0.8936574149859541,0.045507135485225704,0.5964705882352941,0.0,0.8172602291755034,0.7941942839745565,0.22777980973117692,0.80572725657503,0.5167535331531035,0.2829932902795508,Medio,Alto,Medio,28221.91842569282,99829.60708964622,64025.762757669516
Napoli,Piano di Sorrento,C4,0.061224489795918303,0.2857142857142857,0.1012,-1.0336734693877552,1.0,0.9200000000000002,1.0,52.20000076293945,25.56999969482422,490,3600.0,1.0336734693877552,0.0204081632653061,0.07142857142857142,1.0,0.4276940792630267,0.08983456490565282,1.0,0.5882352941176473,0.841917803938471,0.3029620762149381,0.4568000961400292,0.5724399400767046,0.5146200181083669,0.40507810172317077,Alto,Medio,Medio,148003.23114936947,185470.5405848523,166736.88586711086
Napoli,Capri,C3,0.47560975609756084,2.268292682926829,0.0875512195121951,-0.6368421052631579,,0.9200000000000002,1.0,52.20000076293945,25.56999969482422,410,6833.333333333333,0.6368421052631579,0.1585365853658536,0.5670731707317073,1.0,0.33601241395774484,0.028038409428985663,,0.5882352941176473,0.841917803938471,0.3029620762149381,0.44631597893365643,0.5724399400767046,0.5093779595051805,,Alto,Medio,Medio,274484.3270441987,352050.5631471733,313267.445095686
Napoli,Boscoreale,D2,0.0,0.0,0.1498,-1.319047619047619,1.0,0.88,0.0,52.33000183105469,41.400001525878906,504,1113.3333333333333,1.319047619047619,0.0,0.0,0.0,0.7541502734862298,0.13427416045099277,1.0,0.5294117647058824,0.8454794768513993,0.49052133622515104,0.3454051712347293,0.6680004065382752,0.5067027888865022,0.3524429413477038,Alto,Medio,Medio,34609.598157719876,66933.64073513518,50771.619446427525
Napoli,Pompei,D1,0.25,0.0,0.1425,-1.362068965517241,1.0,0.8000000000000002,0.0,52.33000183105469,41.400001525878906,384,1478.3333333333333,1.362068965517241,0.08333333333333333,0.0,0.0,0.7051146722963247,0.1409736153217464,1.0,0.4117647058823532,0.8454794768513993,0.49052133622515104,0.33445518954767967,0.6680004065382752,0.5012277980429775,0.3477371480514907,Alto,Medio,Medio,44499.26296931878,88877.45408991752,66688.35852961816
Napoli,Tufino,D2,1.0491803278688523,0.0,0.1864,-0.8737704918032786,1.0,0.92,0.0,47.83000183105469,34.900001525878906,183,856.6666666666666,0.8737704918032786,0.3497267759562841,0.0,0.0,1.0,0.06493383840740716,1.0,0.5882352941176472,0.7221918120610584,0.41350711960802267,0.4289851297830483,0.5678494658345405,0.4984172978087944,0.4836247427152914,Alto,Medio,Medio,33074.753506273024,43781.19381584308,38427.97366105805
Napoli,Agerola,D4,0.0,2.6842105263157894,0.0968,-1.1125,1.0,1.04,0.0,51.79157919632761,21.63736805162932,95,1076.6666666666667,1.1125,0.0,0.6710526315789473,0.0,0.3981383744362346,0.10210974520080483,1.0,0.7647058823529412,0.8307281725612295,0.25636691540810963,0.4194295190812754,0.5435475439846695,0.48148853153297244,0.370460556445018,Alto,Medio,Medio,40642.72039897559,52669.757012114474,46656.23870554503
Napoli,Comiziano,B2,0.3,0.0,0.18326,-0.6,1.0,0.92,0.0,47.9234017944336,35.25400146484375,200,765.0,0.6,0.09999999999999999,0.0,0.0,0.9789079742826986,0.022301210531030097,1.0,0.5882352941176472,0.7247507150336118,0.4177014316052364,0.3842063541330537,0.5712260733194241,0.4777162137262389,0.41870582813489715,Alto,Medio,Medio,26452.607482060746,39328.915148042346,32890.761315051546
Napoli,Anacapri,D2,0.0,0.91,0.086844,-0.727,,0.92,1.0,52.20000076293945,25.56999969482422,400,5333.333333333333,0.727,0.0,0.2275,1.0,0.33126187505997523,0.0420781547321255,,0.5882352941176472,0.841917803938471,0.3029620762149381,0.3648458873182913,0.5724399400767046,0.468642913697498,,Alto,Medio,Medio,175126.02591277982,274771.1712368182,224948.59857479905
Roma,Fiumicino,D1,1.14,0.0,0.0716,-2.3,1.0,0.68,1.0,57.20000076293945,59.56999969482422,700,2341.6666666666665,2.3,0.37999999999999995,0.0,1.0,0.22886479224642564,0.28703195967955114,1.0,0.2352941176470589,0.9789040981499607,0.7058056708276094,0.4473129813675766,0.842354884488785,0.6448339329281808,0.41556174020216236,Alto,Alto,Alto,94271.21082321677,177526.29190601144,135898.75136461412
Roma,Albano Laziale,C1,0.0,2.75,0.1665,,1.0,0.92,0.0,49.59499931335449,48.83999919891357,24,2033.3333333333333,,0.0,0.6875,0.0,0.8663276077151907,,1.0,0.5882352941176472,0.7705479049396304,0.578672965828539,0.523677150305473,0.6746104353840847,0.5991437928447789,,Alto,Medio,Alto,95832.91850590156,123453.70967528751,109643.31409059455
Roma,Montelibretti,B1,0.0,0.0,0.1516708860759494,-0.6,1.0,0.88,0.0,48.20000076293945,84.4000015258789,316,825.0,0.6,0.0,0.0,0.0,0.7667173999919833,0.022301210531030097,1.0,0.5294117647058824,0.7323287685692792,1.0,0.3312043393184137,0.8661643842846396,0.5986843618015266,0.3427941972467643,Alto,Alto,Alto,24591.922194392217,64312.70553313449,44452.31386376335
Roma,Palombara Sabina,E3,0.0,0.0,0.1398254901960784,-1.3783783783783785,1.0,0.84,0.0,48.1852949179855,84.0485310274012,408,1150.0,1.3783783783783785,0.0,0.0,0.0,0.6871494399506275,0.14351338184227663,1.0,0.47058823529411764,0.731925868728581,0.9958356576762627,0.3287501510124317,0.8638807632024219,0.5963154571074268,0.33204449967085,Alto,Alto,Alto,34025.640629786685,89411.65899145066,61718.64981061868
Roma,Anguillara Sabazia,B1,0.0,3.0,0.0697,,0.9949999999999999,0.96,0.0,54.02999877929689,51.130001068115234,10,1441.6666666666667,,0.0,0.75,0.0,0.21610210152576545,,0.9949999999999999,0.6470588235294118,0.8920547332735075,0.605805688906743,0.4346934875091962,0.7489302110901253,0.5918118492996607,,Alto,Alto,Alto,56401.480004318204,97173.69488894375,76787.58744663098
Roma,Fiano Romano,B1,0.0,0.20000000000000004,0.1344,-1.0533333333333337,1.0,0.84,0.0,47.16999816894531,81.19999694824219,90,1391.6666666666667,1.0533333333333337,0.0,0.05000000000000001,0.0,0.6507053065924576,0.09289607697063576,1.0,0.47058823529411764,0.7041095208933833,0.9620852545049359,0.32345565983674446,0.8330973876991596,0.578276523767952,0.3238772139388521,Alto,Alto,Alto,40512.821394552244,104345.44780931974,72429.13460193599
Roma,Torrita Tiberina,B1,0.0,0.0,0.1484,-1.3483870967741935,1.0,0.76,0.0,47.16999816894531,81.19999694824219,152,883.3333333333334,1.3483870967741935,0.0,0.0,0.0,0.744746185586796,0.1388430204028648,1.0,0.35294117647058826,0.7041095208933833,0.9620852545049359,0.31950434035146413,0.8330973876991596,0.5763008640253119,0.3312529520052272,Alto,Alto,Alto,25400.5950579414,66231.24232208318,45815.918690012295
Roma,Civitella San Paolo,B1,0.0,0.0,0.1377,-0.9238095238095236,1.0,0.8346666666666666,0.0,47.16999816894531,81.19999694824219,180,887.5,0.9238095238095236,0.0,0.0,0.0,0.6728720852125516,0.07272611513074838,1.0,0.46274509803921554,0.7041095208933833,0.9620852545049359,0.31547761405464503,0.8330973876991596,0.5742875008769024,0.3201350426216741,Alto,Alto,Alto,25198.774422614773,66543.65384247038,45871.21413254258
Roma,Fiano Romano,D1,0.0,0.0,0.1344,-0.96875,1.0,0.8400000000000001,0.0,47.16999816894531,81.19999694824219,85,1725.0,0.96875,0.0,0.0,0.0,0.6507053065924576,0.07972442450074606,1.0,0.4705882352941178,0.7041095208933833,0.9620852545049359,0.3144311380553316,0.8330973876991596,0.5737642628772457,0.31685814144219765,Alto,Alto,Alto,48815.434183090234,129338.36944029454,89076.9018116924
Roma,Grottaferrata,E2,0.0,0.0,0.1663,-1.45,1.0,0.92,0.0,50.27000045776367,64.16999816894531,24,2175.0,1.45,0.0,0.0,0.0,0.8649841665867,0.15466658510529063,1.0,0.5882352941176472,0.7890410860118561,0.7603080214313666,0.37255514940137685,0.7746745537216113,0.573614851561494,0.3858744680440375,Alto,Alto,Alto,72927.67049531951,151642.54389100542,112285.10719316246
Roma,Castel Gandolfo,D1,0.0,0.208955223880597,0.166215671641791,-1.0801526717557253,1.0,0.92,0.0,50.34932888087942,63.10969993249694,536,2075.0,1.0801526717557253,0.0,0.05223880597014925,0.0,0.8644177156631198,0.0970724908248872,1.0,0.5882352941176472,0.7912144673535095,0.7477452463451213,0.3717091866536862,0.7694798568493154,0.5705945217515008,0.38515355802654705,Alto,Alto,Alto,69416.69060757589,143700.36326660967,106558.52693709279
Roma,Ciampino,E3,0.0,0.0,0.1659,-1.96,1.0,0.9200000000000003,0.0,48.43000030517578,65.4000015258789,15,2150.0,1.96,0.0,0.0,0.0,0.8622972843297187,0.23408580984984695,1.0,0.5882352941176475,0.7386301255615378,0.7748815206576248,0.38351691261388765,0.7567558231095813,0.5701363678617345,0.3941017414029925,Alto,Alto,Alto,74210.52259078727,146432.251771704,110321.38718124562
Roma,Gallicano nel Lazio,D1,0.0,0.1176470588235294,0.1703,-0.797674418604651,1.0,0.8,0.0,48.0,73.02999877929688,204,1241.6666666666667,0.797674418604651,0.0,0.02941176470588235,0.0,0.8918529891565109,0.053083855780858114,1.0,0.41176470588235303,0.7268492958983699,0.865284330082675,0.3408733307893721,0.7960668129905224,0.5684700718899472,0.3642184782980128,Alto,Alto,Alto,38092.59471571233,88960.46635169088,63526.5305337016
Roma,Rocca di Papa,E8,0.0,0.0,0.1668471074380165,-0.684297520661157,1.0,0.911404958677686,0.0,50.27000045776367,64.16999816894531,605,1750.0,0.684297520661157,0.0,0.0,0.0,0.8686591997563722,0.03542835511690718,1.0,0.5755955274671853,0.7890410860118561,0.7603080214313666,0.3542404403343521,0.7746745537216113,0.5644574970279816,0.372038031344093,Alto,Alto,Alto,55792.869352660455,122011.24221115379,88902.05578190711
Roma,Roma,E38,0.0,0.0,0.1643,,1.0,0.84,0.0,51.400001525878906,54.970001220703125,6,1491.6666666666667,,0.0,0.0,0.0,0.8515497553017944,,1.0,0.47058823529411764,0.8200000177670823,0.6513033202238522,0.38702299843265203,0.7356516689954673,0.5613373337140597,,Alto,Alto,Alto,51957.83753958353,98761.23656264148,75359.53705111251
Roma,Tivoli,E4,0.0,0.0,0.1545142857142857,-0.6,1.0,0.8400000000000001,0.0,48.0,73.02999877929688,84,1483.3333333333333,0.6,0.0,0.0,0.0,0.785817100086364,0.022301210531030097,1.0,0.4705882352941178,0.7268492958983699,0.865284330082675,0.3255295065587874,0.7960668129905224,0.5607981597746549,0.34050262733309733,Alto,Alto,Alto,43458.18912559812,106274.91953423474,74866.55432991643
Roma,Marino,E2,0.0,0.0,0.1658422222222222,-1.091111111111111,1.0,0.92,0.0,48.43000030517578,65.4000015258789,180,2100.0,1.091111111111111,0.0,0.0,0.0,0.8619091791148216,0.09877898250726948,1.0,0.5882352941176472,0.7386301255615378,0.7748815206576248,0.364131922248534,0.7567558231095813,0.5604438726790577,0.37898140387272883,Alto,Alto,Alto,68820.93330497293,143026.85056771088,105923.89193634191
Roma,Monterotondo,D2,0.0,0.0,0.12231132075471689,-0.8428571428571429,1.0,0.8400000000000001,0.0,47.900001525878906,77.2300033569336,265,1641.6666666666667,0.8428571428571429,0.0,0.0,0.0,0.5695031621562406,0.060119888980818825,1.0,0.4705882352941178,0.7241096118190394,0.9150474165957588,0.3000301837758825,0.8195785142073991,0.5598043489916408,0.2966349387319353,Medio,Alto,Alto,44329.45965288664,121092.72547414323,82711.09256351492
Roma,Frascati,E3,0.0,0.0,0.166,-0.6559999999999999,1.0,0.84,0.0,50.06430057525635,65.20729820251465,400,2241.6666666666665,0.6559999999999999,0.0,0.0,0.0,0.8629690048939643,0.031021752855922548,1.0,0.47058823529411764,0.7834054730869726,0.7725983059670994,0.3377969990062864,0.778001889527036,0.5578994442666612,0.3586164442153299,Alto,Alto,Alto,68150.54454951828,156961.88121207952,112556.21288079889
Roma,Monte Porzio Catone,E4,0.0,0.0,0.1672386363636363,-0.6,1.0,0.84,0.0,50.27000045776367,64.16999816894531,88,2050.0,0.6,0.0,0.0,0.0,0.8712891800647292,0.022301210531030097,1.0,0.47058823529411764,0.7890410860118561,0.7603080214313666,0.3377398036985539,0.7746745537216113,0.5562071787100826,0.3594964228838451,Alto,Alto,Alto,62312.99378238319,142927.45516163728,102620.22447201025
Roma,Colonna,E2,0.0,0.0,0.1691652173913043,-0.6369565217391304,1.0,0.8,0.0,50.27000045776367,64.16999816894531,92,1300.0,0.6369565217391304,0.0,0.0,0.0,0.8842304210144228,0.028056226816867515,1.0,0.41176470588235303,0.7890410860118561,0.7603080214313666,0.33200733624480616,0.7746745537216113,0.5533409449832087,0.3564757527475629,Alto,Alto,Alto,38844.85834064232,90636.92278542853,64740.89056303542
Roma,Monte Compatri,E4,0.0,0.0,0.1694,-0.6,1.0,0.8000000000000002,0.0,50.27000045776367,64.16999816894531,24,1433.3333333333333,0.6,0.0,0.0,0.0,0.8858075040783033,0.022301210531030097,1.0,0.4117647058823532,0.7890410860118561,0.7603080214313666,0.3314104886416695,0.7746745537216113,0.5530425211816404,0.35618676939666555,Alto,Alto,Alto,42751.95303477537,99933.01743008786,71342.48523243162
Roma,Monte Porzio Catone,E170,0.0,0.0,0.1674,-0.6,1.0,0.8000000000000002,0.0,50.27000045776367,64.16999816894531,3,1291.6666666666667,0.6,0.0,0.0,0.0,0.8723730927933978,0.022301210531030097,1.0,0.4117647058823532,0.7890410860118561,0.7603080214313666,0.32949128702954017,0.7746745537216113,0.5520829203755757,0.3532013446666865,Alto,Alto,Alto,38303.36211718404,90055.91687013731,64179.639493660674
Roma,Filacciano,B1,0.0,0.0,0.14724,-0.6,1.0,0.7440000000000001,0.0,46.09999847412109,78.80000305175781,45,812.5,0.6,0.0,0.0,0.0,0.7369542270415509,0.022301210531030097,1.0,0.3294117647058825,0.6747944622931041,0.933649308378223,0.29838102889692336,0.8042218853356635,0.5513014571162934,0.3139579365911127,Medio,Alto,Alto,21819.112738087522,58808.725365170394,40313.91905162895
Roma,Marino,E1,0.0,0.0,0.164435,-0.7699999999999999,1.0,0.844,0.0,48.43000030517578,65.4000015258789,120,2300.0,0.7699999999999999,0.0,0.0,0.0,0.8524565780635255,0.04877428544588219,1.0,0.4764705882352941,0.7386301255615378,0.7748815206576248,0.33967163596352884,0.7567558231095813,0.5482137295365551,0.3589064477564697,Alto,Alto,Alto,70312.02864445047,156648.45538368335,113480.24201406691
Roma,Albano Laziale,D3,0.4642857142857143,0.0,0.1650952380952381,-0.7619047619047619,1.0,0.9200000000000002,0.0,50.86833417983282,52.02619125729516,420,1750.0,0.7619047619047619,0.15476190476190477,0.0,0.0,0.8568915331222213,0.047513662830889244,1.0,0.5882352941176473,0.8054337898694601,0.6164240558851505,0.3782003421189518,0.7109289228773052,0.5445646324981286,0.4065617591907543,Alto,Medio,Alto,59566.55388373491,111971.30535317557,85768.92961845525
Roma,Anzio,E1,0.0,0.0,0.1065,-0.6,0.58,0.8,1.0,57.630001068115234,40.470001220703125,22,1500.0,0.6,0.0,0.0,1.0,0.4632952691680262,0.022301210531030097,0.58,0.41176470588235303,0.9906849278131288,0.4795023754625659,0.35390874079734413,0.7350936516378473,0.5445011962175957,0.3267396060832706,Alto,Alto,Alto,47777.68000764146,99237.6429711094,73507.66148937543
Roma,Anzio,E7,0.0,0.0,0.1065,-0.6,0.58,0.8,1.0,57.630001068115234,40.470001220703125,4,1425.0,0.6,0.0,0.0,1.0,0.4632952691680262,0.022301210531030097,0.58,0.41176470588235303,0.9906849278131288,0.4795023754625659,0.35390874079734413,0.7350936516378473,0.5445011962175957,0.3267396060832706,Alto,Alto,Alto,45388.796007259385,94275.76082255392,69832.27841490666
Roma,Monte Compatri,D1,0.0,0.03125,0.16901875,-0.6265625,1.0,0.8,0.0,49.45531332492829,62.2896865606308,320,1400.0,0.6265625,0.0,0.0078125,0.0,0.8832465694271182,0.026437628486475746,1.0,0.41176470588235303,0.7667208917580756,0.7380294482759151,0.33275162911370665,0.7523751700169954,0.542563399565351,0.3569453303581184,Alto,Alto,Alto,41926.70526832704,94799.27142214142,68362.98834523423
Roma,Ciampino,D1,0.0,0.0,0.1631,-0.6,1.0,0.8000000000000002,0.0,48.43000030517578,65.4000015258789,21,2350.0,0.6,0.0,0.0,0.0,0.8434891085308512,0.022301210531030097,1.0,0.4117647058823532,0.7386301255615378,0.7748815206576248,0.3253650035634621,0.7567558231095813,0.5410604133365218,0.34678268149723174,Alto,Alto,Alto,68814.69825367224,160053.85658767645,114434.27742067435
Roma,Ciampino,E147,0.0,0.0,0.1618,-0.6,1.0,0.8,0.0,48.43000030517578,65.4000015258789,4,1812.5,0.6,0.0,0.0,0.0,0.8347567411956627,0.022301210531030097,1.0,0.41176470588235303,0.7386301255615378,0.7748815206576248,0.32411752251557796,0.7567558231095813,0.5404366728125797,0.3448421554227454,Alto,Alto,Alto,52871.67086035365,123445.79364475046,88158.73225255206
Roma,Moricone,B1,0.0,0.0,0.1518,-0.6,1.0,0.8800000000000001,0.0,43.02999877929688,74.5999984741211,172,762.5,0.6,0.0,0.0,0.0,0.7675846847711352,0.022301210531030097,1.0,0.5294117647058826,0.5906848860082297,0.8838862218651392,0.33132823714400683,0.7372855539366845,0.5343068955403456,0.34298692719768703,Alto,Alto,Alto,22737.40027400747,50596.22113890497,36666.810706456214
Roma,Colleferro,D2,2.473684210526316,0.0,0.1612,-1.173684210526316,1.0,0.6,0.0,47.82499995984529,49.83815905922338,114,987.5,1.173684210526316,0.8245614035087719,0.0,0.0,0.8307264178101911,0.11163759337062394,1.0,0.11764705882352937,0.7220547745008389,0.5904995042439887,0.41208178193044526,0.6562771393724138,0.5341794606514295,0.5044289216480088,Alto,Medio,Alto,36623.76836906832,58326.63076172328,47475.1995653958
Roma,Artena,E1,0.0,1.588235294117647,0.1682147058823529,-0.8214285714285714,1.0,0.7070588235294117,0.0,48.1038241666906,55.4891181272619,340,1125.0,0.8214285714285714,0.0,0.39705882352941174,0.0,0.8778456397432784,0.056782946764660995,1.0,0.27508650519031136,0.7296937934672781,0.6574539943609801,0.3723962736039518,0.6935738939141292,0.5329850837590404,0.3871799505523268,Alto,Medio,Alto,37705.12270240012,70224.35675880557,53964.73973060284
Roma,Marcellina,B1,0.0,0.0,0.1508,-0.6,1.0,0.8943999999999999,0.0,44.43000030517578,69.2699966430664,500,1041.6666666666667,0.6,0.0,0.0,0.0,0.7608674791286825,0.022301210531030097,1.0,0.5505882352941175,0.629041090192346,0.8207345425441337,0.3333938464219757,0.7248878163682398,0.5291408313951078,0.34384715600916804,Alto,Alto,Alto,31255.673102060224,67958.23278452248,49606.952943291355
Roma,Palestrina,D1,0.0,0.0,0.1688686046511628,-1.8328358208955224,1.0,0.7999999999999999,0.0,46.91279176224109,58.60523308155148,516,1183.3333333333333,1.8328358208955224,0.0,0.0,0.0,0.8822380122427211,0.2142832990267969,1.0,0.41176470588235287,0.6970627703930105,0.6943747869907541,0.35832657387883865,0.6957187786918823,0.5270226762853605,0.3767248921549547,Alto,Medio,Alto,38161.780118096314,74094.04993068546,56127.91502439089
Roma,Tivoli,D1,0.0,0.0,0.1517,-0.6,1.0,0.84,0.0,44.43000030517578,69.2699966430664,14,1583.3333333333333,0.6,0.0,0.0,0.0,0.76691296420689,0.022301210531030097,1.0,0.47058823529411764,0.629041090192346,0.8207345425441337,0.3228289157188625,0.7248878163682398,0.5238583660435512,0.3363017082487698,Alto,Alto,Alto,46003.12048993791,103296.51383247417,74649.81716120604
Roma,Riano,B1,0.0,0.0,0.09429999999999998,-0.634,1.0,0.8936,0.0,49.77000045776367,64.12999725341797,700,1216.6666666666667,0.634,0.0,0.0,0.0,0.3813453603301027,0.027595825514000524,1.0,0.5494117647058823,0.7753424565907071,0.7598340769431656,0.2797647072214265,0.7675882667669364,0.5236764869941815,0.25996647898667646,Medio,Alto,Alto,30634.2354407462,84050.91521097952,57342.57532586287
Roma,Rocca Priora,E2,0.0,0.0,0.1698,-0.6,1.0,0.8000000000000002,0.0,47.900001525878906,58.70000076293945,12,1166.6666666666667,0.6,0.0,0.0,0.0,0.8884943863352845,0.022301210531030097,1.0,0.4117647058823532,0.7241096118190394,0.6954976267973257,0.3317943289640954,0.7098036193081826,0.520798974136139,0.35678385434266136,Alto,Medio,Medio,34838.40454123002,74529.38002735918,54683.89228429459
Roma,San Cesareo,E1,0.0,0.0,0.1694,-0.6,1.0,0.8000000000000002,0.0,47.900001525878906,58.70000076293945,3,1133.3333333333333,0.6,0.0,0.0,0.0,0.8858075040783033,0.022301210531030097,1.0,0.4117647058823532,0.7241096118190394,0.6954976267973257,0.3314104886416695,0.7098036193081826,0.520607053974926,0.35618676939666555,Alto,Medio,Medio,33803.86984145029,72399.96916943463,53101.919505442456
Roma,Allumiere,R1,0.0,0.0,0.09849999999999999,,1.0,0.84,0.0,55.29999923706055,43.630001068115234,3,1275.0,,0.0,0.0,0.0,0.40955762402840423,,1.0,0.47058823529411764,0.9268492645446953,0.516943131271595,0.3133576432204203,0.7218961979081451,0.5176269205642827,,Alto,Alto,Medio,35957.78955954323,82837.58870995964,59397.68913475144
Roma,Civitavecchia,E1,0.0,0.0,0.061256,-2.1164556962025314,1.0,0.76,0.34,56.18819831848145,42.379201049804685,400,1391.6666666666667,2.1164556962025314,0.0,0.0,0.34,0.15938201708089453,0.2584497120052879,1.0,0.35294117647058826,0.9511834846818752,0.5021232261093063,0.3015389865081101,0.7266533553955907,0.5140961709518505,0.25223943584862946,Medio,Alto,Medio,37767.75806014079,91013.33276329775,64390.54541171927
Roma,Lanuvio,E1,0.0,0.0,0.161062,-0.8826086956521738,0.91835,0.7428,0.0,53.869998931884766,46.970001220703125,500,1300.0,0.8826086956521738,0.0,0.0,0.0,0.8297994434315326,0.06631015859919855,0.91835,0.32764705882352946,0.8876711760392293,0.5565165920796943,0.3060152372648944,0.7220938840594617,0.514054560662178,0.3302117893650881,Medio,Alto,Medio,35803.782759992646,84484.98443495702,60144.38359747483
Roma,Pomezia,E3,0.0,0.0,0.1577,,0.645,0.72,0.0,51.400001525878906,54.970001220703125,2,1187.5,,0.0,0.0,0.0,0.8072161980616065,,0.645,0.2941176470588235,0.8200000177670823,0.6513033202238522,0.291055640853405,0.7356516689954673,0.5133536549244362,,Medio,Alto,Medio,31106.57161620766,78622.77212389057,54864.67187004912
Roma,Segni,E2,1.5145631067961165,0.0,0.1491475728155339,-0.6890410958904111,1.0,0.6,0.0,49.0,51.400001525878906,309,1208.3333333333333,0.6890410958904111,0.5048543689320388,0.0,0.0,0.7497677859214446,0.036167043484014706,1.0,0.11764705882352937,0.7542465547406678,0.6090047464053484,0.3440623224515753,0.6816256505730081,0.5128439865122917,0.40700649022383456,Alto,Medio,Medio,37416.77756660881,74126.78949981462,55771.78353321172
Roma,Valmontone,D1,0.0,2.0392156862745097,0.169935294117647,-0.7166666666666667,1.0,0.68,0.0,46.33000183105469,50.369998931884766,612,1291.6666666666667,0.7166666666666667,0.0,0.5098039215686274,0.0,0.8894031847457337,0.04046900704122273,1.0,0.2352941176470589,0.6810959237976115,0.596800924422261,0.382138604428949,0.6389484241099362,0.5105435142694426,0.3960414906387084,Alto,Medio,Medio,44423.61276486532,74277.75430278009,59350.683533822696
Roma,Formello,E3,0.0,0.0,0.0810156862745098,-0.9838709677419356,1.0,0.8964705882352941,0.0,50.400001525878906,56.77000045776367,102,1900.0,0.9838709677419356,0.0,0.0,0.0,0.29211189321712766,0.08207912162908328,1.0,0.5536332179930796,0.7926027589247844,0.6726303250167209,0.27540346183418435,0.7326165419707527,0.5040100019024685,0.24665956956182425,Medio,Alto,Medio,47093.99197364553,125277.42867699871,86185.71032532211
Roma,Sacrofano,D1,0.0,0.20000000000000004,0.0858,-0.6,1.0,0.88,0.0,50.400001525878906,56.77000045776367,75,1287.5,0.6,0.0,0.05000000000000001,0.0,0.3242491123692545,0.022301210531030097,1.0,0.5294117647058824,0.7926027589247844,0.6726303250167209,0.27513744108659527,0.7326165419707527,0.5038769915286739,0.2500234666639357,Medio,Alto,Medio,31881.550985909227,84891.94180086096,58386.74639338509
Roma,Ardea,E8,0.0,0.0,0.1616846153846154,-1.0045454545454544,0.6489010989010989,0.7208791208791209,0.0,51.400001525878906,54.970001220703125,91,1200.0,1.0045454545454544,0.0,0.0,0.0,0.833981679006149,0.08529863479364605,0.6489010989010989,0.2954104718810601,0.8200000177670823,0.6513033202238522,0.26622741208313633,0.7356516689954673,0.5009395405393018,0.2997303959542336,Medio,Alto,Medio,28752.560504978723,79450.38025151046,54101.470378244594
Roma,Genzano di Roma,B1,0.0,0.0,0.1657,-0.6,1.0,0.9200000000000002,0.0,49.369998931884766,43.72999954223633,75,1400.0,0.6,0.0,0.0,0.0,0.8609538432012284,0.022301210531030097,1.0,0.5882352941176473,0.7643835112488886,0.5181279472942633,0.35307004969284367,0.6412557292715759,0.49716288948220977,0.37027157678345934,Alto,Medio,Medio,44486.8262612983,80798.22188821857,62642.52407475843
Roma,Genzano di Roma,C1,0.0,0.0,0.1657,-0.6,1.0,0.92,0.0,49.369998931884766,43.72999954223633,602,1741.6666666666667,0.6,0.0,0.0,0.0,0.8609538432012284,0.022301210531030097,1.0,0.5882352941176472,0.7643835112488886,0.5181279472942633,0.35307004969284367,0.6412557292715759,0.49716288948220977,0.37027157678345934,Alto,Medio,Medio,55343.73028935325,100516.83556331953,77930.28292633638
Roma,Ariccia,D1,0.0,0.0,0.1661,-0.6,1.0,0.9135353535353538,0.0,49.369998931884766,43.72999954223633,297,1537.5,0.6,0.0,0.0,0.0,0.8636407254582095,0.022301210531030097,1.0,0.5787284610814026,0.7643835112488886,0.5181279472942633,0.3520957710100917,0.6412557292715759,0.4966757501408338,0.3698123469476502,Alto,Medio,Medio,48721.25231352144,88733.76153795431,68727.50692573788
Roma,Pomezia,E4,0.0,0.0,0.142261,-0.9105263157894736,0.8400000000000002,0.64,0.0,50.900001525878906,55.56999969482422,700,1416.6666666666667,0.9105263157894736,0.0,0.0,0.0,0.7035092601477786,0.07065760124236986,0.8400000000000002,0.17647058823529413,0.8063013883459333,0.6584123067555304,0.2558053499464918,0.7323568475507318,0.49408109874861184,0.2771274121970246,Medio,Alto,Medio,32615.1821181777,93375.49806271831,62995.34009044801
Roma,Cerveteri,E3,0.0,0.1379310344827586,0.057744827586206894,-2.6823529411764704,1.0,0.96,0.0,54.57155188198748,37.1801731504243,174,1175.0,2.6823529411764704,0.0,0.03448275862068965,0.0,0.13579674993133908,0.34657347765413204,1.0,0.6470588235294118,0.9068918038047713,0.4405233705952486,0.3091302585336532,0.67370758720001,0.49141892286683164,0.2555231732963235,Alto,Medio,Medio,32690.524839933827,71244.57734640106,51967.55109316744
Roma,San Gregorio da Sassola,B1,0.0,0.0,0.1551,,1.0,0.84,0.0,41.79999923706055,53.0,3,687.5,,0.0,0.0,0.0,0.7897514633912293,,1.0,0.47058823529411764,0.5569862701736727,0.6279620739550464,0.3767232831142245,0.5924741720643596,0.484598727589292,,Alto,Medio,Medio,23309.75314269264,36659.33939648225,29984.546269587445
Roma,Colleferro,B1,0.0,0.0,0.1571,-0.6,1.0,0.6,0.0,49.0,51.400001525878906,91,1250.0,0.6,0.0,0.0,0.0,0.8031858746761347,0.022301210531030097,1.0,0.11764705882352937,0.7542465547406678,0.6090047464053484,0.2775905920043849,0.6816256505730081,0.47960812128869645,0.3051466687452032,Medio,Medio,Medio,31228.9416004933,76682.88568946341,53955.913644978355
Roma,Ladispoli,E2,0.2291666666666666,0.375,0.0568843749999999,-1.096470588235294,0.7849999999999998,0.88,0.0,55.33000183105469,42.27000045776367,384,1391.6666666666667,1.096470588235294,0.07638888888888887,0.09375,0.0,0.1300169129642064,0.0996135815626397,0.7849999999999998,0.5294117647058824,0.9276712533782931,0.5008293802554347,0.24488302116023103,0.7142503168168639,0.4795666689885475,0.21339854999719027,Medio,Alto,Medio,30671.598400318937,89459.8521813122,60065.72529081557
Roma,Bracciano,D1,0.0,0.0,0.0683,-1.9224489795918367,1.0,0.96,0.0,50.970001220703125,42.16999816894531,364,1616.6666666666667,1.9224489795918367,0.0,0.0,0.0,0.2066980136263316,0.22823821587105608,1.0,0.6470588235294118,0.8082191881039144,0.49964451903493223,0.2974278647181142,0.6539318535694233,0.47567985914376876,0.2542992296281257,Medio,Medio,Medio,43275.75431648562,95147.08469435108,69211.41950541835
Roma,Canale Monterano,E1,0.0,0.0,0.0740536585365853,-0.6217948717948718,1.0,0.96,0.0,52.36146391891852,40.931097868012216,328,1233.3333333333333,0.6217948717948718,0.0,0.0,0.0,0.24534652121302875,0.025695194494472683,1.0,0.6470588235294118,0.8463414518163238,0.48496560578214964,0.27401436274813046,0.6656535287992367,0.46983394577368354,0.24038300671666024,Medio,Medio,Medio,30415.59426504248,73887.54169671527,52151.56798087887
Roma,Artena,D1,0.0,0.0,0.1664875,-0.6,1.0,0.6,0.0,48.66999816894531,46.56999969482422,160,1225.0,0.6,0.0,0.0,0.0,0.8662436426446598,0.022301210531030097,1.0,0.11764705882352937,0.7452054091568303,0.5517772375933527,0.286598844571317,0.6484913233750915,0.46754508397320427,0.31915950607154214,Medio,Medio,Medio,31597.5226139877,71496.16840210384,51546.84550804577
Roma,Cerveteri,E4,0.0,0.0,0.0561333333333333,-0.6,0.7849999999999998,0.88,0.0,55.33000183105469,42.27000045776367,6,1175.0,0.6,0.0,0.0,0.0,0.1249720116431564,0.022301210531030097,0.7849999999999998,0.5294117647058824,0.9276712533782931,0.5008293802554347,0.20881214098286696,0.7142503168168639,0.4615312288998654,0.1762952220581361,Medio,Alto,Medio,22081.88390893818,75531.97100338335,48806.92745616077
Roma,Trevignano Romano,D2,0.0,0.0,0.0718,-0.7999999999999999,1.0,0.96,0.0,49.56999969482422,40.79999923706055,204,1625.0,0.7999999999999999,0.0,0.0,0.0,0.23020823337491622,0.05344600454850316,1.0,0.6470588235294118,0.7698629839197978,0.4834123044956387,0.2758161516361187,0.6266376442077183,0.4512268979219185,0.2401023660919719,Medio,Medio,Medio,40338.112176782364,91645.7554653788,65991.93382108059
Roma,Colleferro,R3,0.0,0.625,0.1578083333333333,-1.240909090909091,1.0,0.6,0.0,43.790833155314125,44.47583325703939,48,,1.240909090909091,0.0,0.15625,0.0,0.8079438953395386,0.12210611863247789,1.0,0.11764705882352937,0.6115296623440923,0.5269648394899865,0.31484958182793515,0.5692472509170394,0.44204841637248726,0.33465455201500943,Alto,Medio,Medio,,,
Roma,Velletri,E2,0.0,0.0,0.1574357142857143,-0.7357142857142857,1.0,0.72,0.0,45.35449070833168,29.325510764608577,196,1137.5,0.7357142857142857,0.0,0.0,0.0,0.8054409365703868,0.043435177900029674,1.0,0.2941176470588235,0.6543695930648286,0.34745865206669135,0.30614196593274856,0.50091412256576,0.40352804424925426,0.32760385534440295,Medio,Medio,Medio,31341.283762365132,51281.08329766968,41311.183530017406
Roma,Arsoli,B1,0.0,0.4545454545454545,0.1611999999999999,-0.6,1.0,0.84,0.0,35.29999923706055,39.83000183105469,220,783.3333333333334,0.6,0.0,0.11363636363636362,0.0,0.8307264178101903,0.022301210531030097,1.0,0.47058823529411764,0.378904087698736,0.47191944444268674,0.3481788896102431,0.4254117660707114,0.38679532784047727,0.36310873834243246,Alto,Basso,Medio,24546.61171752214,29991.529507985153,27269.070612753647
Roma,Vicovaro,B1,0.0,0.0,0.1552,-1.1666666666666667,1.0,0.92,0.0,35.130001068115234,32.5,12,800.0,1.1666666666666667,0.0,0.0,0.0,0.7904231839554746,0.11054479358053713,1.0,0.5882352941176472,0.3742466038614246,0.3850710830856417,0.3556004673790941,0.3796588434735332,0.36762965542631365,0.36440293951212593,Alto,Basso,Medio,25603.233651294777,27335.43673009439,26469.335190694583
Roma,Roccagiovine,B1,0.0,0.0,0.156,-0.6,1.0,0.8933333333333334,0.0,35.130001068115234,32.5,6,700.0,0.6,0.0,0.0,0.0,0.7957969484694368,0.022301210531030097,1.0,0.5490196078431374,0.3742466038614246,0.3850710830856417,0.3381596809776578,0.3796588434735332,0.3589092622255955,0.35143496836811566,Alto,Basso,Medio,21304.05990159244,23918.50713883259,22611.283520212517
Roma,Camerata Nuova,B1,0.40298507462686556,0.029850746268656702,0.1645895522388059,-0.6,0.5,0.88,0.0,34.529998779296875,32.66999816894531,201,712.5,0.6,0.1343283582089552,0.0074626865671641755,0.0,0.8534947372340862,0.022301210531030097,0.5,0.5294117647058824,0.3578081858486968,0.38708527936374465,0.29242839389244546,0.37244673260622074,0.3324375632493331,0.3372024280766844,Medio,Basso,Medio,18751.970758353065,23883.146728373904,21317.558743363486
Torino,Villastellone,D1,2.2,0.0,0.0541,-0.6,0.825,0.72,0.0,38.52999877929688,39.02999877929688,10,,0.6,0.7333333333333334,0.0,0.0,0.11131369350350274,0.022301210531030097,0.825,0.2941176470588235,0.46739722121788885,0.46244073547000375,0.28372369777524137,0.4649189783439463,0.37432133805959383,0.3145236568070584,Medio,Medio,Medio,,,
Torino,Colleretto Giacosa,B1,2.7000000000000006,3.6,0.0446,-0.6,1.0,0.8400000000000002,0.0,34.470001220703125,12.899999618530272,30,482.5,0.6,0.9000000000000002,0.9,0.0,0.047500239900201725,0.022301210531030097,1.0,0.4705882352941179,0.35616441720599784,0.15284359461267127,0.47719852653219286,0.25450400590933453,0.3658512662207637,0.4764322139583947,Alto,Basso,Medio,20722.346014660474,11051.836456612851,15887.091235636663
Torino,Venaria Reale,E1,2.0,0.0,0.056,-0.6,0.995,0.64,0.0,37.52999877929688,33.900001525878906,34,1130.0,0.6,0.6666666666666666,0.0,0.0,0.12407638422416295,0.022301210531030097,0.995,0.17647058823529413,0.43999996237559086,0.40165877859000293,0.28350212137959335,0.4208293704827969,0.3521657459311951,0.3083619889497759,Medio,Basso,Medio,28832.165744304642,42798.346978100446,35815.25636120254
Torino,Verolengo,B1,1.0,0.0,0.0401,-0.6,1.0,0.72,0.0,40.130001068115234,34.970001220703125,784,818.3333333333334,0.6,0.3333333333333333,0.0,0.0,0.01727281450916437,0.022301210531030097,1.0,0.2941176470588235,0.5112328980729144,0.41433649986345733,0.23814642934747873,0.46278469896818586,0.3504655641578323,0.224181239252761,Medio,Medio,Medio,17539.48452144181,34084.09307900689,25811.78880022435
Torino,Virle Piemonte,B1,1.5833333333333333,0.0,0.0782,-0.6,0.4650000000000001,0.7200000000000001,0.0,38.630001068115234,39.900001525878906,432,866.6666666666666,0.6,0.5277777777777778,0.0,0.0,0.27319834948661376,0.022301210531030097,0.4650000000000001,0.29411764705882365,0.4701370098094675,0.4727488246981214,0.22605642640774934,0.47144291725379445,0.3487496718307719,0.26481901245762635,Medio,Medio,Medio,17632.40125980445,36772.54754579597,27202.474402800206
Torino,Brandizzo,D1,0.2222222222222222,0.0,0.0445,-0.6,1.0,0.72,0.0,41.52999877929688,35.16999816894531,162,1022.5,0.6,0.07407407407407407,0.0,0.0,0.04682851933595643,0.022301210531030097,1.0,0.2941176470588235,0.5495889977447828,0.416706131908794,0.20533163585712627,0.4831475648267884,0.34423960034195733,0.17313600493443493,Basso,Medio,Medio,18895.643789752045,44461.6546531852,31678.649221468622
Torino,Gassino Torinese,D1,0.0,0.0,0.0448428571428571,-1.5840000000000003,1.0,0.7200000000000001,0.0,39.27000045776367,36.77000045776367,84,1232.5,1.5840000000000003,0.0,0.0,0.0,0.04913156127051139,0.17553359709699762,1.0,0.29411764705882365,0.4876712387465784,0.4356635046563261,0.2169689722037618,0.4616673717014522,0.339318171952607,0.17421270741076045,Medio,Medio,Medio,24067.283241702276,51210.45320598359,37638.86822384293
Torino,Cercenasco,B1,1.0,0.0,0.0989333333333333,-0.6,0.3699999999999999,0.7200000000000001,0.0,38.970001220703125,39.33000183105469,24,768.3333333333334,0.6,0.3333333333333333,0.0,0.0,0.41246841314013366,0.022301210531030097,0.3699999999999999,0.29411764705882365,0.4794520819963387,0.4659952739336769,0.20460294343761723,0.4727236779650078,0.3386633107013125,0.2420024833929764,Basso,Medio,Medio,14148.293538711232,32688.842331280288,23418.56793499576
Torino,Isolabella,B1,0.0,0.0,0.045775,-1.53,1.0,0.64,0.0,41.369998931884766,34.400001525878906,240,677.5,1.53,0.0,0.0,0.0,0.055392956530083706,0.16712450271227985,1.0,0.17647058823529413,0.5452054405105048,0.4075829490990128,0.1998554353539511,0.4763941948047588,0.33812481507935493,0.1615978893341935,Basso,Medio,Medio,12186.185170707167,29048.136028220168,20617.160599463667
Torino,La Loggia,B1,0.945945945945946,0.0,0.0587486486486486,-0.6971428571428571,0.93,0.64,0.0,38.22999954223633,36.400001525878906,222,1328.3333333333333,0.6971428571428571,0.31531531531531537,0.0,0.0,0.14253962243598542,0.03742868191094558,0.93,0.17647058823529413,0.4591780644676489,0.4312796311350523,0.22882202969964865,0.44522884780135064,0.3370254387504996,0.22884546062764904,Medio,Basso,Medio,27355.673650593,53227.10875465147,40291.39120262223
Torino,Nichelino,D2,1.0666666666666669,0.0,0.0623,-0.6622222222222223,0.9299999999999998,0.56,0.0,38.56999969482422,36.369998931884766,45,,0.6622222222222223,0.3555555555555556,0.0,0.0,0.1663947797716152,0.031990702003132844,0.9299999999999998,0.05882352941176476,0.4684931366545202,0.43092415016998453,0.22039493810600974,0.44970864341225236,0.33505179075913105,0.22941276689658213,Medio,Basso,Medio,,,
Torino,Orbassano,E2,0.5319148936170213,0.0,0.069731914893617,-0.6361702127659574,0.9299999999999998,0.64,0.0,38.56999969482422,36.369998931884766,188,,0.6361702127659574,0.1773049645390071,0.0,0.0,0.2163164804292479,0.027933779661849695,0.9299999999999998,0.17647058823529413,0.4684931366545202,0.43092415016998453,0.2182894018379141,0.44970864341225236,0.33399902262508324,0.2135163619815171,Medio,Basso,Medio,,,
Torino,Moncalieri,E2,0.0,0.3809523809523809,0.0526714285714285,-0.6,1.0,0.7200000000000001,0.0,38.22999954223633,36.400001525878906,126,1391.6666666666667,0.6,0.0,0.09523809523809522,0.0,0.10171768544285549,0.022301210531030097,1.0,0.29411764705882365,0.4591780644676489,0.4312796311350523,0.2161963768958292,0.44522884780135064,0.33071261234858995,0.17945470263485108,Medio,Basso,Medio,27078.59620620261,55764.913187119164,41421.75469666089
Torino,Baldissero Torinese,E1,0.0,0.0396039603960396,0.0477999999999999,-0.6,1.0,0.72,0.0,39.27000045776367,36.77000045776367,202,1000.0,0.6,0.0,0.0099009900990099,0.0,0.06899529795604979,0.022301210531030097,1.0,0.2941176470588235,0.4876712387465784,0.4356635046563261,0.19933073509213045,0.4616673717014522,0.3304990533967913,0.162701160400107,Basso,Medio,Medio,17939.76615829174,41550.0634531307,29744.914805711218
Torino,Brusasco,B1,0.0,0.0,0.03878,-1.025,1.0,0.7200000000000001,0.0,40.69400024414063,33.461998748779294,30,653.3333333333334,1.025,0.0,0.0,0.0,0.008406103061126793,0.08848389781816035,1.0,0.29411764705882365,0.526684929485325,0.39646917232008705,0.19871537827687297,0.461577050902706,0.3301462145897895,0.15549041677769304,Basso,Medio,Medio,11684.464242680131,27140.73059307911,19412.59741787962
Torino,Lombriasco,B1,1.010204081632653,0.0,0.0689,-0.6,0.33500000000000013,0.7600000000000001,0.0,38.93000030517578,40.5,588,750.0,0.6,0.336734693877551,0.0,0.0,0.21072833701180327,0.022301210531030097,0.33500000000000013,0.3529411764705884,0.4783561665597072,0.47985781122979965,0.17967220255585328,0.47910698889475345,0.32938959572530335,0.20057427208670303,Basso,Medio,Medio,12127.873672520096,32339.721750395856,22233.797711457977
Torino,Castiglione Torinese,B1,0.0,0.0,0.0460022988505747,-0.6,1.0,0.7200000000000001,0.0,39.27000045776367,36.77000045776367,1044,1028.3333333333333,0.6,0.0,0.0,0.0,0.05691976965168707,0.022301210531030097,1.0,0.29411764705882365,0.4876712387465784,0.4356635046563261,0.19619123246307724,0.4616673717014522,0.32892930208226473,0.1589175996548031,Basso,Medio,Medio,18157.498564457797,42727.315250969405,30442.4069077136
Torino,Volvera,B1,0.89,0.0,0.0857,-0.922,1.0,0.56,0.0,38.22999954223633,29.56999969482422,1000,1115.0,0.922,0.2966666666666667,0.0,0.0,0.3235773918050093,0.07244432889916175,1.0,0.05882352941176476,0.4591780644676489,0.3503554402870171,0.25021598811180035,0.404766752377333,0.32749137024456665,0.26352844169491985,Medio,Basso,Medio,25109.174407019163,40618.34360106537,32863.759004042266
Torino,San Mauro Torinese,D4,0.2210526315789473,0.2210526315789473,0.0476084210526315,-0.6982456140350877,1.0,0.6,0.0,39.27000045776367,36.77000045776367,475,1211.6666666666667,0.6982456140350877,0.07368421052631577,0.05526315789473683,0.0,0.06770842276981165,0.037600407592244936,1.0,0.11764705882352937,0.4876712387465784,0.4356635046563261,0.19312903680094837,0.4616673717014522,0.3273982042512003,0.1659217656558629,Basso,Medio,Medio,21060.721463143418,50344.82688404337,35702.774173593396
Torino,Castagnole Piemonte,B1,0.6900000000000001,0.0,0.0759,-0.95,0.465,0.6864,0.0,38.630001068115234,39.900001525878906,700,876.6666666666666,0.95,0.23,0.0,0.0,0.2577487765089724,0.07680460006160797,0.465,0.2447058823529412,0.4701370098094675,0.4727488246981214,0.1820370369890745,0.47144291725379445,0.3267399771214345,0.19577867060361046,Basso,Medio,Medio,14362.722218437979,37196.84617132438,25779.78419488118
Torino,Moncalieri,E3,0.0,0.0,0.0531,-0.6,1.0,0.7200000000000001,0.0,38.22999954223633,36.400001525878906,12,1725.0,0.6,0.0,0.0,0.0,0.10459648786105,0.022301210531030097,1.0,0.29411764705882365,0.4591780644676489,0.4312796311350523,0.20300219220727198,0.44522884780135064,0.3241155200043113,0.16951242592355042,Basso,Basso,Medio,31516.090340178973,69121.77862115968,50318.93448066933
Torino,Pecetto Torinese,D1,0.0,0.0,0.0520504854368932,-0.6,1.0,0.72,0.0,38.22999954223633,36.400001525878906,412,1170.0,0.6,0.0,0.0,0.0,0.0975466827159127,0.022301210531030097,1.0,0.2941176470588235,0.4591780644676489,0.4312796311350523,0.20199507718653806,0.44522884780135064,0.32361196249394436,0.16794580255796435,Basso,Basso,Medio,21270.081627742456,46882.597673482225,34076.33965061234
Torino,Vinovo,E2,0.1274509803921568,0.0,0.0635764705882352,-0.7156862745098039,0.93,0.64,0.0,38.56999969482422,36.369998931884766,306,1210.0,0.7156862745098039,0.042483660130718935,0.0,0.0,0.17496909520933368,0.040316336482313544,0.93,0.17647058823529413,0.4684931366545202,0.43092415016998453,0.19489138286538005,0.44970864341225236,0.3223000131388162,0.17574360393307922,Basso,Basso,Medio,21223.671594039886,48973.27126759428,35098.47143081708
Torino,Monteu da Po,B1,0.0,0.2142857142857142,0.0397,-0.7,1.0,0.72,0.0,39.98142978123256,31.961428233555385,56,645.0,0.7,0.0,0.05357142857142855,0.0,0.014585932252183294,0.03787360753976663,1.0,0.2941176470588235,0.5071624520696566,0.3786899011341286,0.20002123077460027,0.4429261766018926,0.32147370368824646,0.15719272751937613,Basso,Basso,Medio,11611.232446465545,25711.864551739865,18661.548499102708
Torino,Torino,D22,0.0,0.0,0.0541673913043478,-0.6,1.0,0.64,0.0,39.06999969482422,35.970001220703125,828,1017.5,0.6,0.0,0.0,0.0,0.11176637475332002,0.022301210531030097,1.0,0.17647058823529413,0.48219176607566916,0.42618484088147707,0.1872197390742349,0.4541883034785731,0.32070402127640396,0.15803383869699605,Basso,Basso,Medio,17144.64760572306,41592.29389105033,29368.47074838669
Torino,Beinasco,D4,0.0,0.0,0.0655,-0.6875,0.93,0.64,0.0,38.56999969482422,36.369998931884766,288,1125.0,0.6875,0.0,0.0,0.0,0.18788983782746396,0.03592705791367457,0.93,0.17647058823529413,0.4684931366545202,0.43092415016998453,0.1900410691394904,0.44970864341225236,0.31987485627587137,0.16868636908932186,Basso,Basso,Medio,19241.658250373403,45533.00014549055,32387.329197931977
Torino,Beinasco,D2,0.0,0.0,0.0655,-0.6482758620689656,0.93,0.6399999999999999,0.0,38.56999969482422,36.369998931884766,116,,0.6482758620689656,0.0,0.0,0.0,0.18788983782746396,0.029818919431799474,0.93,0.17647058823529396,0.4684931366545202,0.43092415016998453,0.18916847792779393,0.44970864341225236,0.31943856067002313,0.16800768703578017,Basso,Basso,Medio,,,
Torino,Parella,B1,1.4411764705882353,2.647058823529412,0.0453676470588235,-0.6,1.0,0.84,0.0,34.470001220703125,12.899999618530272,136,510.0,0.6,0.4803921568627451,0.661764705882353,0.0,0.05265668305514317,0.022301210531030097,1.0,0.47058823529411764,0.35616441720599784,0.15284359461267127,0.38395757023219845,0.25450400590933453,0.3192307880707665,0.3578613146159197,Alto,Basso,Medio,17623.65247365791,11681.733871238455,14652.693172448182
Torino,Vigone,B1,0.1111111111111111,0.0,0.1032111111111111,-0.6,0.37,0.6844444444444444,0.0,38.79222276475694,40.84111022949219,81,765.0,0.6,0.037037037037037035,0.0,0.0,0.44120312616618157,0.022301210531030097,0.37,0.24183006535947707,0.4745814396221971,0.48389940155355804,0.15891020558481797,0.4792404205878776,0.3190753130863478,0.17673462247743826,Basso,Medio,Medio,10940.967654514718,32995.70295747537,21968.335305995046
Torino,Vinovo,D1,0.0,0.0,0.063,-0.6,0.93,0.64,0.0,38.56999969482422,36.369998931884766,3,1065.0,0.6,0.0,0.0,0.0,0.17109682372133211,0.022301210531030097,0.93,0.17647058823529413,0.4684931366545202,0.43092415016998453,0.18569551749823662,0.44970864341225236,0.3177020804552445,0.16344060513433206,Basso,Basso,Medio,17798.91535220598,43104.57347106439,30451.744411635187
Torino,Macello,B1,0.978021978021978,0.0,0.1232,-0.6,0.37,0.7059340659340657,0.0,38.854944292005605,29.141757986047764,637,875.0,0.6,0.326007326007326,0.0,0.0,0.575472603396987,0.022301210531030097,0.37,0.27343244990303783,0.47629983753921296,0.34528148648329415,0.22388765569119726,0.4107906620112536,0.31733915885122543,0.2742992799158549,Medio,Basso,Medio,17631.152885681782,32349.76463338622,24990.458759534
Torino,Borgaro Torinese,B1,0.175,0.0,0.053805,-0.6,1.0,0.64,0.0,39.78462424278259,31.71625044345856,720,1381.6666666666667,0.6,0.05833333333333333,0.0,0.0,0.10933211783897917,0.022301210531030097,1.0,0.17647058823529413,0.5017705197911448,0.3757849510670169,0.19520532141980526,0.4387777354290809,0.31699152842444306,0.17045585567899438,Basso,Basso,Medio,24273.781718552786,54562.01140060621,39417.896559579494
Torino,Bruino,D2,0.0721649484536082,0.0,0.0893,-0.6,1.0,0.64,0.0,38.22999954223633,29.56999969482422,388,1300.0,0.6,0.0240549828178694,0.0,0.0,0.34775933211783916,0.022301210531030097,1.0,0.17647058823529413,0.4591780644676489,0.3503554402870171,0.22436944481457613,0.404766752377333,0.3145680985959546,0.21582226984863792,Medio,Basso,Basso,26251.225043305407,47357.710028147965,36804.46753572669
Torino,San Mauro Torinese,D1,0.0,0.0,0.04898,-0.6,1.0,0.6,0.0,39.06999969482422,35.970001220703125,35,1425.0,0.6,0.0,0.0,0.0,0.07692160061414473,0.022301210531030097,1.0,0.11764705882352937,0.48219176607566916,0.42618484088147707,0.17383855285267202,0.4541883034785731,0.31401342816562255,0.1437546078425388,Basso,Basso,Basso,22294.794403355187,58249.649921127,40272.222162241094
Torino,Bruino,B1,0.0,0.0,0.0893,-0.6,1.0,0.64,0.0,38.22999954223633,29.56999969482422,4,1192.5,0.6,0.0,0.0,0.0,0.34775933211783916,0.022301210531030097,1.0,0.17647058823529413,0.4591780644676489,0.3503554402870171,0.22093301869773763,0.404766752377333,0.31284988553753534,0.21047671811133362,Medio,Basso,Basso,23711.63623173469,43441.59169889727,33576.613965315984
Torino,Collegno,D2,0.0,0.0,0.0592466019417475,-1.1852941176470588,0.995,0.6333980582524271,0.0,37.52999877929688,33.900001525878906,618,1342.5,1.1852941176470588,0.0,0.0,0.0,0.14588447710606728,0.11344553419981157,0.995,0.16676185037121635,0.43999996237559086,0.40165877859000293,0.20301312309672787,0.4208293704827969,0.3119212467897624,0.17410848208701804,Basso,Basso,Basso,24529.060598162145,50846.70868858394,37687.88464337304
Torino,Ciriè,D1,0.9134615384615384,0.0,0.056299999999999996,-0.6,1.0,0.6,0.0,38.56999969482422,27.46999931335449,624,1125.0,0.6,0.30448717948717946,0.0,0.0,0.12609154591689872,0.022301210531030097,1.0,0.11764705882352937,0.4684931366545202,0.3254739196293922,0.22436099925123396,0.3969835281419562,0.31067226369659506,0.2223450800180795,Medio,Basso,Basso,22716.55117418744,40194.582224373065,31455.56669928025
Torino,Grugliasco,D10,0.0,0.0,0.0682,-0.6,0.995,0.64,0.0,37.52999877929688,33.900001525878906,300,1475.0,0.6,0.0,0.0,0.0,0.20602629306208634,0.022301210531030097,0.995,0.17647058823529413,0.43999996237559086,0.40165877859000293,0.19997115597548723,0.4208293704827969,0.31040026322914205,0.17842493165449966,Basso,Basso,Basso,26546.17095574593,55865.09893159129,41205.63494366861
Torino,Grugliasco,D7,0.0,0.0,0.0682,-0.6,0.995,0.64,0.0,37.52999877929688,33.900001525878906,4,,0.6,0.0,0.0,0.0,0.20602629306208634,0.022301210531030097,0.995,0.17647058823529413,0.43999996237559086,0.40165877859000293,0.19997115597548723,0.4208293704827969,0.31040026322914205,0.17842493165449966,Basso,Basso,Basso,,,
Torino,Moncalieri,D1,0.1645569620253164,0.0,0.056600000000000004,-0.6,0.93,0.56,0.0,38.22999954223633,36.400001525878906,474,1195.0,0.6,0.05485232067510546,0.0,0.0,0.1281067076096346,0.022301210531030097,0.93,0.05882352941176476,0.4591780644676489,0.4312796311350523,0.17058339546107643,0.44522884780135064,0.30790612163121356,0.15300475516803055,Basso,Basso,Basso,18346.24418183877,47884.36258103526,33115.30338143702
Torino,Druento,C1,0.1333333333333333,0.0,0.065,-0.6,0.995,0.6,0.0,37.52999877929688,33.900001525878906,315,1306.6666666666667,0.6,0.04444444444444443,0.0,0.0,0.1845312350062376,0.022301210531030097,0.995,0.11764705882352937,0.43999996237559086,0.40165877859000293,0.1948462784007488,0.4208293704827969,0.3078378244417729,0.1769888475839915,Basso,Basso,Basso,22913.92233992806,49489.533968776916,36201.72815435249
Torino,San Maurizio Canavese,C1,0.65,0.0,0.0545,-0.6,0.9961,0.64,0.0,38.56999969482422,27.46999931335449,900,1155.0,0.6,0.21666666666666667,0.0,0.0,0.11400057576048382,0.022301210531030097,0.9961,0.17647058823529413,0.4684931366545202,0.3254739196293922,0.217934148741925,0.3969835281419562,0.3074588384419406,0.2062451426245139,Medio,Basso,Basso,22654.254761723103,41266.437750356345,31960.346256039727
Torino,Mappano,B1,0.0,0.0,0.0502,-0.6,1.0,0.6,0.0,39.79999923706055,31.770000457763672,55,1167.5,0.6,0.0,0.0,0.0,0.08511659149793706,0.022301210531030097,1.0,0.11764705882352937,0.5021917524890769,0.37642179956622734,0.17500926583607093,0.4393067760276521,0.3071580209318615,0.14557571692782595,Basso,Basso,Basso,18389.098607725155,46160.15949110554,32274.629049415347
Torino,Moncalieri,D16,0.0,0.0,0.0566,-0.6,0.93,0.56,0.0,38.22999954223633,36.400001525878906,16,1500.0,0.6,0.0,0.0,0.0,0.12810670760963455,0.022301210531030097,0.93,0.05882352941176476,0.4591780644676489,0.4312796311350523,0.16274734965034707,0.44522884780135064,0.30398809872584887,0.14081535057356265,Basso,Basso,Basso,21970.892202796855,60105.894453182336,41038.393327989594
Torino,Caluso,D1,0.2608695652173913,0.0,0.0422,-0.6,0.9928260869565216,0.72,0.0,38.16999816894531,28.46999931335449,138,,0.6,0.08695652173913043,0.0,0.0,0.03137894635831515,0.022301210531030097,0.9928260869565216,0.2941176470588235,0.4575341913127016,0.33732226064741194,0.20394005894911724,0.3974282259800568,0.300684142464587,0.17176843119347407,Basso,Basso,Basso,,,
Torino,San Secondo di Pinerolo,B1,1.37,0.5,0.133453,-0.6,1.0,0.7600000000000001,0.0,33.970001220703125,9.06999969482422,600,930.0,0.6,0.4566666666666667,0.125,0.0,0.6443441128490548,0.022301210531030097,1.0,0.3529411764705884,0.3424657877848489,0.10746444941761236,0.37160759521676284,0.2249651186012306,0.29828635690899674,0.41136266067034016,Alto,Basso,Basso,31103.55571964305,18829.580426923003,24966.568073283026
Torino,Collegno,D3,0.0,0.0,0.0603,-0.6,0.995,0.56,0.0,37.52999877929688,33.900001525878906,24,1737.5,0.6,0.0,0.0,0.0,0.1529603684867097,0.022301210531030097,0.995,0.05882352941176476,0.43999996237559086,0.40165877859000293,0.17558358691850065,0.4208293704827969,0.29820647870064876,0.15356060854624604,Basso,Basso,Basso,27456.88340438054,65807.19280924737,46632.03810681395
Torino,Bussoleno,C1,2.5,1.3333333333333333,0.1343,-0.6,0.9,0.84,0.0,29.729999542236328,3.9700000286102295,36,778.3333333333334,0.6,0.8333333333333334,0.3333333333333333,0.0,0.6500335860282124,0.022301210531030097,0.9,0.47058823529411764,0.2263013643081162,0.04703791418052214,0.45851281407428957,0.13666963924431919,0.2975912266593044,0.5214396242090635,Alto,Basso,Basso,32118.822625903984,9573.70822906456,20846.26542748427
Torino,Santena,B1,0.46,0.0,0.05179999999999999,-0.48,0.8249999999999998,0.7200000000000001,0.0,39.33000183105469,25.530000686645508,300,900.0,0.48,0.15333333333333335,0.0,0.0,0.09586412052586138,0.0036143341205462586,0.8249999999999998,0.29411764705882365,0.4893151119015257,0.3024881543256542,0.1959899192912235,0.39590163311358995,0.2959457762024067,0.18012520987752878,Basso,Basso,Basso,15875.183462589104,32068.032282200784,23971.607872394943
Torino,San Giusto Canavese,B1,0.0,0.0,0.043909,-0.6,1.0,0.72,0.0,37.70000076293945,28.600000381469727,800,582.5,0.6,0.0,0.0,0.0,0.04285865080126685,0.022301210531030097,1.0,0.2941176470588235,0.4446575507251505,0.33886255763514805,0.19418250119873148,0.39176005418014925,0.29297127768944037,0.15579290657693193,Basso,Basso,Basso,10180.017625343498,20538.020840394325,15359.019232868912
Torino,Riva presso Chieri,E1,0.0,0.0,0.044556000000000005,-0.8719999999999999,1.0,0.64,0.0,38.83000183105469,27.56999969482422,75,915.0,0.8719999999999999,0.0,0.0,0.0,0.047204682851933834,0.06465813039479346,1.0,0.17647058823529413,0.47561648248037675,0.3266587582509776,0.1840476287831459,0.4011376203656772,0.29259262457441154,0.1483931204815506,Basso,Basso,Basso,15156.322230292064,33033.683037113515,24095.002633702792
Torino,Osasco,E2,1.0,0.0,0.1322,-2.0,1.0,0.72,0.0,33.970001220703125,9.06999969482422,4,810.0,2.0,0.3333333333333333,0.0,0.0,0.6359274541790617,0.24031476865334156,1.0,0.2941176470588235,0.3424657877848489,0.10746444941761236,0.3576704576035086,0.2249651186012306,0.2913177881023696,0.38588377674855057,Alto,Basso,Basso,26074.176359295776,16399.957146029712,21237.066752662744
Torino,Pinerolo,E1,0.0,0.7586206896551723,0.133116091954023,,1.0,0.7301149425287355,0.0,33.970001220703125,9.06999969482422,522,1125.0,,0.0,0.18965517241379307,0.0,0.6420810322216304,,1.0,0.30899256254225815,0.3424657877848489,0.10746444941761236,0.35678812786294695,0.2249651186012306,0.2908766232320888,,Alto,Basso,Basso,36124.79794612338,22777.7182583746,29451.25810224899
Torino,Leini,R2,0.3723404255319149,0.0,0.0495585106382978,-0.6,0.61,0.6229787234042553,0.0,39.79999923706055,31.770000457763672,94,1045.0,0.6,0.12411347517730496,0.0,0.0,0.0808075755379376,0.022301210531030097,0.61,0.15143929912390486,0.5021917524890769,0.37642179956622734,0.14123736576716822,0.4393067760276521,0.29027207089741014,0.13262029012060222,Basso,Basso,Basso,13283.374250402172,41316.80228540068,27300.088267901425
Torino,Favria,D1,0.4117647058823529,0.0,0.0499,-1.0941176470588236,0.9,0.64,0.0,37.22999954223633,27.06999969482422,68,765.0,1.0941176470588236,0.1372549019607843,0.0,0.0,0.08310142980520123,0.09924717222125769,0.9,0.17647058823529413,0.431780805625351,0.3207345877419677,0.19943915603179105,0.3762576966836594,0.28784842635772523,0.17960338044316923,Basso,Basso,Basso,13731.385892788814,25905.342416669948,19818.36415472938
Torino,Avigliana,D1,2.0,0.0,0.1081,-1.3875,1.0,0.6412371134020619,0.0,34.33000183105469,7.570000171661377,873,1045.0,1.3875,0.6666666666666666,0.0,0.0,0.47404279819595063,0.14493383697483028,1.0,0.17828987265009102,0.3523288176900359,0.089691943540312,0.35199045349821984,0.22101038061517395,0.2865004170566969,0.400515848816684,Alto,Basso,Basso,33104.702151507576,20786.026296857108,26945.36422418234
Torino,Torrazza Piemonte,B1,0.0,0.0,0.0401,-0.6,0.48000000000000004,0.68,0.0,40.130001068115234,34.970001220703125,72,871.6666666666666,0.6,0.0,0.0,0.0,0.01727281450916437,0.022301210531030097,0.48000000000000004,0.2352941176470589,0.5112328980729144,0.41433649986345733,0.10783830609817906,0.46278469896818586,0.28531150253318244,0.08579343968849086,Basso,Medio,Basso,8459.915113402147,36305.45963405418,22382.687373728164
Torino,San Francesco al Campo,B1,0.0,0.0,0.0526,-0.6,0.61,0.64,0.0,39.79999923706055,31.770000457763672,20,960.0,0.6,0.0,0.0,0.0,0.10123788503982363,0.022301210531030097,0.61,0.17647058823529413,0.5021917524890769,0.37642179956622734,0.13000138340087827,0.4393067760276521,0.2846540797142652,0.11236084098288572,Basso,Basso,Basso,11232.119525835882,37956.105448789145,24594.112487312515
Torino,Lusigliè,B1,0.0,0.0,0.0459,-0.6,0.9,0.68,0.0,37.70000076293945,28.600000381469727,40,637.5,0.6,0.0,0.0,0.0,0.0562326072353903,0.022301210531030097,0.9,0.2352941176470589,0.4446575507251505,0.33886255763514805,0.1734039907733542,0.39176005418014925,0.28258202247675174,0.14111783807209663,Basso,Basso,Basso,9949.053970621197,22477.233108586064,16213.14353960363
Torino,Lombardore,B1,0.0,0.0,0.0477,-0.6,0.61,0.6,0.0,39.79999923706055,31.770000457763672,6,795.0,0.6,0.0,0.0,0.0,0.0683235773918052,0.022301210531030097,0.61,0.11764705882352937,0.5021917524890769,0.37642179956622734,0.11689597810662353,0.4393067760276521,0.27810137706713783,0.09851060268201887,Basso,Basso,Basso,8363.907233528913,31432.39982477851,19898.15352915371
Torino,Villanova Canavese,B1,0.0,0.0,0.0602,-0.6,1.0,0.6,0.0,37.83122424690091,24.35979542440297,686,888.3333333333334,0.6,0.0,0.0,0.0,0.1522886479224644,0.022301210531030097,1.0,0.11764705882352937,0.44825271448143067,0.2886231633175234,0.18460527389671771,0.36843793889947707,0.2765216063980974,0.16050284057772093,Basso,Basso,Basso,14759.19164804258,29456.613215013193,22107.902431527888
Torino,Rivarolo Canavese,D1,0.0,0.0,0.0483,-0.6,0.8999999999999999,0.68,0.0,37.22999954223633,27.06999969482422,198,968.3333333333334,0.6,0.0,0.0,0.0,0.07235390077727687,0.022301210531030097,0.8999999999999999,0.2352941176470589,0.431780805625351,0.3207345877419677,0.17570703270790938,0.3762576966836594,0.2759823646957844,0.1447003477480714,Basso,Basso,Basso,15312.867900494302,32790.85826598092,24051.86308323761
Torino,Feletto,B1,0.0,0.0,0.0471575,-0.6,0.9,0.68,0.0,37.22999954223633,27.06999969482422,320,738.3333333333334,0.6,0.0,0.0,0.0,0.06467949333077458,0.022301210531030097,0.9,0.2352941176470589,0.431780805625351,0.3207345877419677,0.17461068878698052,0.3762576966836594,0.27543419273531994,0.1429949238710709,Basso,Basso,Basso,11602.880269894857,25002.323944629166,18302.60210726201
Torino,Busano,B1,0.0,0.0,0.050823076923076894,-0.6538461538461539,0.9,0.64,0.0,37.22999954223633,27.06999969482422,156,730.0,0.6538461538461539,0.0,0.0,0.0,0.08930192732131126,0.030686347381888236,0.9,0.17647058823529413,0.431780805625351,0.3207345877419677,0.1709226947054991,0.3762576966836594,0.2735901956945792,0.1428623100288672,Basso,Basso,Basso,11229.62104215129,24720.130672116422,17974.875857133855
Torino,Sauze d'Oulx,D2,0.0,4.0,0.1166,-4.2125,0.5700000000000001,1.04,0.0,24.676249980926517,0.043750000186264494,96,2408.3333333333335,4.2125,0.0,1.0,0.0,0.5311390461567989,0.5848540524716375,0.5700000000000001,0.7647058823529412,0.08784247945276152,0.000518364921745289,0.492956997283054,0.044180422187253404,0.2685687097351537,0.4424264474597974,Alto,Basso,Basso,106848.42916110194,9576.106509087176,58212.26783509456
Torino,Settimo Vittone,B1,2.272727272727273,2.727272727272727,0.0460090909090909,-0.6,0.87,1.0,0.0,27.270000457763672,0.5,77,525.0,0.6,0.7575757575757577,0.6818181818181818,0.0,0.05696539330547599,0.022301210531030097,0.87,0.7058823529411765,0.15890413263900283,0.005924170509009872,0.442077556595946,0.08241415157400635,0.2622458540849762,0.4343426718947618,Alto,Basso,Basso,20888.16454915845,3894.0686618718,12391.116605515124
Torino,Vallo Torinese,B1,0.0,1.25,0.06955,-0.6,1.0,0.72,0.0,35.0,12.470000267028809,16,680.0,0.6,0.0,0.3125,0.0,0.21509452067939755,0.022301210531030097,1.0,0.2941176470588235,0.3706849309484963,0.14774881565855458,0.263430482609893,0.25921687330352544,0.2613236779567092,0.22878976654984984,Medio,Basso,Basso,16121.945535725452,15864.072646175757,15993.009090950602
Torino,Rosta,C1,0.0,0.0,0.0847,-0.6,1.0,0.64,0.0,36.77000045776367,15.899999618530272,8,1266.6666666666667,0.6,0.0,0.0,0.0,0.3168601861625565,0.022301210531030097,1.0,0.17647058823529413,0.41917809164083353,0.18838861766673048,0.2165188549898401,0.30378335465378203,0.2601511048218111,0.20361024123238192,Medio,Basso,Basso,24683.149468841773,34631.30243053115,29657.225949686464
Torino,Alpignano,D1,0.3300970873786408,0.0,0.0742912621359223,-0.6,0.995,0.6132038834951457,0.0,36.77000045776367,15.899999618530272,721,1125.0,0.6,0.11003236245954694,0.0,0.0,0.2469425534511623,0.022301210531030097,0.995,0.13706453455168477,0.41917809164083353,0.18838861766673048,0.2159058087133463,0.30378335465378203,0.25984458168356417,0.2075906196560148,Medio,Basso,Basso,21860.463132226312,30758.06465869543,26309.263895460874
Torino,Campiglione Fenile,B1,0.6190476190476192,0.0,0.1338095238095238,-0.6,0.0,0.7403174603174604,0.0,36.79999923706055,22.270000457763672,441,743.3333333333334,0.6,0.2063492063492064,0.0,0.0,0.6467389565940569,0.022301210531030097,0.0,0.32399626517273583,0.41999997596218297,0.26386255989503976,0.17134080552100417,0.3419312679286114,0.2566360367248078,0.2280526446211436,Basso,Basso,Basso,11462.699889355179,22875.2018244241,17168.95085688964
Torino,Meana di Susa,B1,0.671875,1.453125,0.1346,-0.6437499999999999,0.9,0.8400000000000001,0.0,28.329999923706048,4.0,320,575.0,0.6437499999999999,0.22395833333333334,0.36328125,0.0,0.6520487477209481,0.029114134222352324,0.9,0.4705882352941178,0.1879452123801237,0.047393364072078975,0.3769986715101074,0.11766928822610134,0.24733397986810438,0.3905553090694481,Alto,Basso,Basso,19509.68125064806,6089.3856657007445,12799.533458174401
Torino,Chiusa di San Michele,B1,2.0,0.0,0.12059999999999998,-0.6,1.0,0.68,0.0,30.5,2.700000047683716,27,823.3333333333334,0.6,0.6666666666666666,0.0,0.0,0.5580078687266098,0.022301210531030097,1.0,0.2352941176470589,0.24739726615815547,0.03199052131362624,0.35460998051019504,0.13969389373589086,0.24715193712304295,0.4118827109960713,Alto,Basso,Basso,26276.599555805453,10351.317525829512,18313.958540817483
Torino,Roletto,D2,0.0,0.0,0.1291,-0.6,1.0,0.68,0.0,33.970001220703125,9.06999969482422,4,815.0,0.6,0.0,0.0,0.0,0.615104116687458,0.022301210531030097,1.0,0.2352941176470589,0.3424657877848489,0.10746444941761236,0.26752849212364954,0.2249651186012306,0.2462468053624401,0.2764226179503339,Medio,Basso,Basso,19623.214897269692,16501.191449400267,18062.20317333498
Torino,Buttigliera Alta,E3,0.5841584158415841,0.0,0.094759405940594,-1.0376237623762377,1.0,0.64,0.0,34.33000183105469,7.570000171661377,202,,1.0376237623762377,0.19471947194719472,0.0,0.0,0.3844312845064371,0.0904497202128276,1.0,0.17647058823529413,0.3523288176900359,0.089691943540312,0.2637244378431077,0.22101038061517395,0.2423674092291408,0.2694690912617095,Medio,Basso,Basso,,,
Torino,Villar Dora,B1,0.0,0.0,0.1065,-1.3541666666666667,1.0,0.68,0.0,34.33000183105469,7.570000171661377,216,1070.0,1.3541666666666667,0.0,0.0,0.0,0.4632952691680262,0.13974303797191812,1.0,0.2352941176470589,0.3523288176900359,0.089691943540312,0.26261891782671476,0.22101038061517395,0.24181464922094437,0.2557364104394477,Medio,Basso,Basso,25290.20178671263,21283.29965324125,23286.750719976942
Torino,Sauze d'Oulx,E4,0.0,4.0,0.1166,-2.1866666666666665,0.5700000000000001,1.04,0.0,23.96999931335449,0.0,225,2000.0,2.1866666666666665,0.0,1.0,0.0,0.5311390461567989,0.2693832430696497,0.5700000000000001,0.7647058823529412,0.06849314710574492,0.0,0.4478897387970556,0.03424657355287246,0.24106815617496405,0.40737413530402095,Alto,Basso,Basso,80620.15298347002,6164.383239517043,43392.268111493526
Torino,Varisella,B1,0.0,0.0,0.0707,-0.6,1.0,0.72,0.0,35.0,12.470000267028809,57,642.5,0.6,0.0,0.0,0.0,0.22281930716821818,0.022301210531030097,1.0,0.2941176470588235,0.3706849309484963,0.14774881565855458,0.21989116639401024,0.25921687330352544,0.23955401984876784,0.19578416354736555,Medio,Basso,Basso,12715.206696733641,14989.21569877636,13852.211197755001
Torino,Quagliuzzo,B1,0.0,0.0,0.0453,-0.6,1.0,0.84,0.0,34.470001220703125,12.899999618530272,184,462.5,0.6,0.0,0.0,0.0,0.05220228384991864,0.022301210531030097,1.0,0.47058823529411764,0.35616441720599784,0.15284359461267127,0.2207273899535809,0.25450400590933453,0.2376156979314577,0.1774771126138872,Medio,Basso,Basso,9187.777606817805,10593.72924597605,9890.753426396926
Torino,Vaie,B1,1.13,0.0,0.1257,-0.614,1.0,0.76,0.0,30.5,2.700000047683716,800,756.6666666666666,0.614,0.37666666666666665,0.0,0.0,0.5922656175031188,0.024481346112253215,1.0,0.35294117647058826,0.24739726615815547,0.03199052131362624,0.33519354382180383,0.13969389373589086,0.23744371877884735,0.36836523232471247,Alto,Basso,Basso,22826.68033426484,9513.154163414169,16169.917248839503
Torino,Sant'Antonino di Susa,B1,1.0,0.0,0.1293,-0.6,1.0,0.7600000000000001,0.0,30.5,2.700000047683716,30,665.0,0.6,0.3333333333333333,0.0,0.0,0.6164475578159486,0.022301210531030097,1.0,0.3529411764705884,0.24739726615815547,0.03199052131362624,0.3321461825929858,0.13969389373589086,0.23592003816443832,0.36386712992224246,Alto,Basso,Basso,19878.9490281902,8360.679540093068,14119.814284141634
Torino,Sant'Antonino di Susa,C1,1.0,0.0,0.1293,-0.6,1.0,0.76,0.0,30.5,2.700000047683716,216,770.0,0.6,0.3333333333333333,0.0,0.0,0.6164475578159486,0.022301210531030097,1.0,0.35294117647058826,0.24739726615815547,0.03199052131362624,0.3321461825929858,0.13969389373589086,0.23592003816443832,0.36386712992224246,Alto,Basso,Basso,23017.730453693915,9680.786835897237,16349.258644795576
Torino,Almese,B1,0.0,0.0,0.098,-0.6,1.0,0.68,0.0,34.33000183105469,7.570000171661377,702,1065.0,0.6,0.0,0.0,0.0,0.406199021207178,0.022301210531030097,1.0,0.2352941176470589,0.3523288176900359,0.089691943540312,0.23768490705503814,0.22101038061517395,0.22934764383510603,0.22999926339916055,Medio,Basso,Basso,22782.098341225406,21183.844981964423,21982.971661594915
Torino,Givoletto,B1,0.0,0.0,0.0689857142857142,-0.6,1.0,0.6,0.0,35.0,12.470000267028809,56,1240.0,0.6,0.0,0.0,0.0,0.21130409749544152,0.022301210531030097,1.0,0.11764705882352937,0.3706849309484963,0.14774881565855458,0.19303605240714303,0.25921687330352544,0.22612646285533422,0.1736173849272714,Basso,Basso,Basso,21542.823448637162,28928.60306067344,25235.7132546553
Torino,La Cassa,B1,0.0,0.0,0.0677,-0.6,1.0,0.6,0.0,35.0,12.470000267028809,332,955.0,0.6,0.0,0.0,0.0,0.20266769024085995,0.022301210531030097,1.0,0.11764705882352937,0.3706849309484963,0.14774881565855458,0.19180227994220278,0.25921687330352544,0.2255095766228641,0.17169818331514217,Basso,Basso,Basso,16485.405961032327,22279.690260438012,19382.54811073517
Torino,La Cassa,D1,0.0,0.0,0.0677,-0.6,1.0,0.6,0.0,35.0,12.470000267028809,39,1257.5,0.6,0.0,0.0,0.0,0.20266769024085995,0.022301210531030097,1.0,0.11764705882352937,0.3706849309484963,0.14774881565855458,0.19180227994220278,0.25921687330352544,0.2255095766228641,0.17169818331514217,Basso,Basso,Basso,21707.223032458798,29336.869636126492,25522.046334292645
Torino,Fiano,B1,0.0,0.0,0.0655113207547169,-0.6,1.0,0.6,0.0,35.0,12.470000267028809,477,958.3333333333334,0.6,0.0,0.0,0.0,0.18796588166492512,0.022301210531030097,1.0,0.11764705882352937,0.3706849309484963,0.14774881565855458,0.1897020215742121,0.25921687330352544,0.22445944743886875,0.1684311147427122,Basso,Basso,Basso,16361.799360775793,22357.45532242907,19359.62734160243
Torino,Robassomero,D2,0.0,0.0,0.06238,-0.6,1.0,0.6,0.0,35.0,12.470000267028809,630,828.3333333333334,0.6,0.0,0.0,0.0,0.16693215622301139,0.022301210531030097,1.0,0.11764705882352937,0.3706849309484963,0.14774881565855458,0.18669720365393871,0.25921687330352544,0.22295703847873208,0.16375695353339803,Basso,Basso,Basso,13918.27653240113,19324.61790477782,16621.447218589477
Torino,Rivara,B1,1.4285714285714286,0.0,0.0531428571428571,-0.6,0.8133333333333335,0.64,0.0,34.0,7.670000076293945,105,680.0,0.6,0.4761904761904762,0.0,0.0,0.10488436810286912,0.022301210531030097,0.8133333333333335,0.17647058823529413,0.3432876721061983,0.09087677651216812,0.22759713948471472,0.21708222430918322,0.22233968189694897,0.2415838689651498,Medio,Basso,Basso,13928.94493646454,13285.432127722013,13607.188532093278
Torino,Frossasco,C1,0.0,0.0841121495327102,0.1294084112149532,-0.7354838709677418,0.61,0.68,0.0,33.970001220703125,9.06999969482422,428,1045.0,0.7354838709677418,0.0,0.02102803738317755,0.0,0.6171757782407374,0.04339929680093119,0.61,0.2352941176470589,0.3424657877848489,0.10746444941761236,0.21812817572455787,0.2249651186012306,0.22154664716289424,0.23823033425696025,Medio,Basso,Basso,20514.95492689467,21157.96940444574,20836.462165670204
Torino,Cascinette d'Ivrea,B1,1.0,0.0,0.0426,-1.5333333333333332,1.0,0.8000000000000002,0.0,31.799999237060547,3.930000066757202,30,706.6666666666666,1.5333333333333332,0.3333333333333333,0.0,0.0,0.03406582861529624,0.16764358261257106,1.0,0.4117647058823532,0.28301368175069314,0.04656398099177969,0.2781153500633648,0.1647888313712364,0.2214520907173006,0.2571340680435759,Medio,Basso,Basso,17688.13626403,10480.569675210634,14084.352969620319
Torino,San Giorio di Susa,B1,2.0,1.2525252525252526,0.1339,-0.6,0.0,0.84,0.0,29.729999542236328,3.9700000286102295,594,693.3333333333334,0.6,0.6666666666666666,0.31313131313131315,0.0,0.6473467037712312,0.022301210531030097,0.0,0.47058823529411764,0.2263013643081162,0.04703791418052214,0.3028620184849084,0.13666963924431919,0.2197658288646138,0.38156083331469515,Medio,Basso,Basso,18898.589953458286,8528.185488845516,13713.387721151901
Torino,Borgone Susa,B1,0.1428571428571428,0.1142857142857142,0.1313,-0.6,1.0,0.76,0.0,29.729999542236328,3.9700000286102295,315,703.3333333333334,0.6,0.047619047619047596,0.02857142857142855,0.0,0.6298819691008541,0.022301210531030097,1.0,0.35294117647058826,0.2263013643081162,0.04703791418052214,0.2973306903275641,0.13666963924431919,0.21700016478594164,0.30653509433476117,Medio,Basso,Basso,18821.03269773481,8651.188164165404,13736.110430950106
Torino,Banchette,B1,1.296875,0.0,0.0435,-0.6,1.0,0.8,0.0,31.233749389648445,3.501250058412552,320,542.5,0.6,0.4322916666666667,0.0,0.0,0.04011131369350369,0.022301210531030097,1.0,0.41176470588235303,0.26749998811173203,0.04148400468143346,0.2723526995390791,0.15449199639658276,0.21342234796783094,0.26431909745930265,Medio,Basso,Basso,13297.620554995536,7543.071724063153,10420.346139529345
Torino,Carema,B1,2.32,0.0,0.0477,-0.6,0.87,1.0,0.0,26.56999969482422,0.5,450,487.5,0.6,0.7733333333333333,0.0,0.0,0.0683235773918052,0.022301210531030097,0.87,0.7058823529411765,0.13972603054694457,0.005924170509009872,0.34854863917104933,0.07282510052797722,0.2106868698495133,0.3646108205469426,Alto,Basso,Basso,15292.571543629789,3195.201285665001,9243.886414647395
Torino,Andrate,B1,0.0,0.0,0.0442,-0.6,1.0,1.0,0.0,31.799999237060547,3.930000066757202,76,442.5,0.6,0.0,0.0,0.0,0.04481335764322064,0.022301210531030097,1.0,0.7058823529411765,0.28301368175069314,0.04656398099177969,0.253285274445061,0.1647888313712364,0.2090370529081487,0.20197891986207198,Medio,Basso,Basso,10087.086054774554,6562.71520935949,8324.900632067021
Torino,Tavagnasco,B1,1.6363636363636362,0.5454545454545454,0.0462,-0.6,0.8699999999999999,1.0,0.0,27.270000457763672,0.5,110,467.5,0.6,0.5454545454545454,0.13636363636363635,0.0,0.05824776892812609,0.022301210531030097,0.8699999999999999,0.7058823529411765,0.15890413263900283,0.005924170509009872,0.3340356448883592,0.08241415157400635,0.20822489823118276,0.32688353651124286,Alto,Basso,Basso,14054.549758677713,3467.575427476317,8761.062593077015
Torino,Samone,B1,0.0,0.0,0.0440709677419354,-3.341935483870968,1.0,0.8,0.0,29.824839438161543,4.899999864639774,217,610.0,3.341935483870968,0.0,0.0,0.0,0.043946621431290654,0.44928628980283836,1.0,0.41176470588235303,0.22889971748535592,0.05805686938450263,0.272142516730926,0.14347829343492927,0.20781040508292764,0.2165493598386414,Medio,Basso,Basso,14940.624168527836,7876.958309577617,11408.791239052727
Torino,Piverone,D1,0.0,0.0,0.0402,-0.6,1.0,0.84,0.0,32.20000076293945,6.429999828338623,12,,0.6,0.0,0.0,0.0,0.017944535073409665,0.022301210531030097,1.0,0.47058823529411764,0.29397262709251165,0.07618483071196441,0.21583342584265106,0.18507872890223803,0.20045607737244453,0.16986427955244077,Medio,Basso,Basso,,,
Torino,Palazzo Canavese,B1,0.0,0.0,0.041,-0.6,1.0,0.8,0.0,32.20000076293945,6.429999828338623,56,583.3333333333334,0.6,0.0,0.0,0.0,0.02331829958737187,0.022301210531030097,1.0,0.41176470588235303,0.29397262709251165,0.07618483071196441,0.20819774514296502,0.18507872890223803,0.19663823702260153,0.1645225017320141,Medio,Basso,Basso,10930.381620005663,9716.633267367497,10323.50744368658
Torino,Claviere,B1,1.4456521739130437,0.0,0.107,-0.6,0.56,1.2,0.0,23.184347899063773,0.0,368,3000.0,0.6,0.4818840579710146,0.0,0.0,0.46665387198925257,0.022301210531030097,0.56,1.0,0.04696845194860472,0.0,0.3615484486416139,0.02348422597430236,0.19251633730795814,0.38659745227239606,Alto,Basso,Basso,97618.08113323576,6340.741013061637,51979.411073148694
Torino,Susa,C1,0.5454545454545454,0.1212121212121212,0.1344,-0.6,0.9,0.84,0.0,24.96999931335449,0.0700000002980232,99,860.0,0.6,0.1818181818181818,0.0303030303030303,0.0,0.6507053065924576,0.022301210531030097,0.9,0.47058823529411764,0.09589040594804289,0.0008293838747924625,0.3222451377912597,0.04835989491141768,0.18530251635133868,0.3431377169943841,Alto,Basso,Basso,24941.7736650435,3743.055866143728,14342.414765593614
Torino,Cuorgnè,E1,0.2039170506912442,0.0,0.049772580645161255,-0.6,0.9490207373271888,0.8724193548387097,0.0,30.20435444001229,2.038709675112078,59,604.516129032258,0.6,0.06797235023041473,0.0,0.0,0.08224552779592072,0.022301210531030097,0.9490207373271888,0.5182637571157496,0.23929738822559599,0.02415532746746414,0.23425765471432913,0.13172635784653006,0.1829920062804296,0.19889127344740437,Medio,Basso,Basso,12745.12775616734,7166.763714321213,9955.945735244277
Torino,Bardonecchia,R1,0.0,3.64,0.105974,-0.8756756756756756,0.11255,1.1396000000000002,0.0,22.20279956817627,0.0,300,1587.5,0.8756756756756756,0.0,0.91,0.0,0.45976201900009606,0.06523052120376324,0.11255,0.9111764705882356,0.020076718261054283,0.0,0.35124557297029924,0.010038359130527141,0.1806419660504132,0.3242756699769101,Alto,Basso,Basso,50184.2112381315,1434.2305607740652,25809.220899452783
Torino,Novalesa,B1,1.0,0.0,0.1343,-0.95,0.9,0.8400000000000001,0.0,21.46999931335449,0.0,20,660.0,0.95,0.3333333333333333,0.0,0.0,0.6500335860282124,0.07680460006160797,0.9,0.4705882352941178,0.0,0.0,0.3472513935310388,0.0,0.1736256967655194,0.3793474082309797,Alto,Basso,Basso,20626.732775743705,0.0,10313.366387871853
Torino,Sestriere,B1,0.0,0.17857142857142852,0.1189,-0.6,0.5,1.16,0.0,25.100000381469727,0.0700000002980232,392,2487.5,0.6,0.0,0.04464285714285713,0.0,0.5465886191344402,0.022301210531030097,0.5,0.9411764705882353,0.09945207886097127,0.0008293838747924625,0.29352987962808036,0.050140731367881865,0.17183530549798112,0.28903308628122254,Medio,Basso,Basso,65714.0018017365,11225.256234984552,38469.62901836052
Torino,Fiorano Canavese,B1,1.0,0.0,0.044199999999999996,-0.6,1.0,0.8000000000000002,0.0,27.270000457763672,0.5,66,518.3333333333334,0.6,0.3333333333333333,0.0,0.0,0.0448133576432206,0.022301210531030097,1.0,0.4117647058823532,0.15890413263900283,0.005924170509009872,0.25888751534141957,0.08241415157400635,0.17065083345771295,0.24337325537405455,Medio,Basso,Basso,12077.102590677223,3844.620170927396,7960.861380802309
Torino,San Ponso,B1,0.1186440677966101,0.0,0.0498,-0.6,0.9,0.64,0.0,30.704575813422768,3.699660996259269,236,500.0,0.6,0.03954802259887003,0.0,0.0,0.08242970924095594,0.022301210531030097,0.9,0.17647058823529413,0.2530020826713727,0.04383484513474649,0.1743927900865929,0.1484184639030596,0.16140562699482625,0.14919191804955292,Basso,Basso,Basso,7847.67555389668,6678.830875637682,7263.253214767181
Torino,Mathi,B1,0.0,0.0,0.0607871794871794,-0.6217948717948717,1.0,0.6,0.0,29.866666158040363,3.1100000143051147,546,788.3333333333334,0.6217948717948717,0.0,0.0,0.0,0.1562328532868784,0.025695194494472665,1.0,0.11764705882352937,0.23004565495640025,0.03684834073553328,0.18565358665784007,0.13344699784596675,0.15955029225190343,0.1617564399879732,Basso,Basso,Basso,13172.121973373753,9468.064497171341,11320.093235272549
Torino,Inverso Pinasca,B1,0.10000000000000002,0.0,0.1348,-0.6,0.725,0.7200000000000001,0.0,26.299999237060547,0.0,180,633.3333333333334,0.6,0.03333333333333334,0.0,0.0,0.6533921888494387,0.022301210531030097,0.725,0.29411764705882365,0.1323287581180543,0.0,0.24687776853894652,0.06616437905902715,0.15652107379898683,0.2683188779950442,Medio,Basso,Basso,14072.032806719952,3771.369606364548,8921.70120654225
Torino,Ozegna,B1,0.0,0.0,0.0465333333333333,-0.6,0.8999999999999998,0.68,0.0,30.229999542236328,2.0,252,625.0,0.6,0.0,0.0,0.0,0.06048683747561013,0.022301210531030097,0.8999999999999998,0.2352941176470589,0.2399999937292652,0.023696682036039488,0.1740117379505284,0.13184833788265235,0.15293003791659038,0.14206322256992324,Basso,Basso,Basso,9788.160259717222,7416.469005899195,8602.31463280821
Torino,Valchiusa,B1,0.0,0.0,0.0466,-0.6,1.0,0.8400000000000001,0.0,27.270000457763672,0.5,105,437.5,0.6,0.0,0.0,0.0,0.060934651185107214,0.022301210531030097,1.0,0.4705882352941178,0.15890413263900283,0.005924170509009872,0.221974871001465,0.08241415157400635,0.15219451128773567,0.17941763868837357,Medio,Basso,Basso,8740.260545682684,3245.0572182265,5992.658881954592
Torino,Valchiusa,D1,0.0,0.0,0.0466,-0.6,1.0,0.84,0.0,27.270000457763672,0.5,34,350.0,0.6,0.0,0.0,0.0,0.060934651185107214,0.022301210531030097,1.0,0.47058823529411764,0.15890413263900283,0.005924170509009872,0.221974871001465,0.08241415157400635,0.15219451128773567,0.17941763868837357,Medio,Basso,Basso,6992.208436546148,2596.0457745812,4794.1271055636735
Torino,Pessinetto,B1,0.6486486486486487,0.0,0.0841,-0.6,0.625,0.7275675675675674,0.0,27.729999542236328,0.800000011920929,444,442.5,0.6,0.21621621621621623,0.0,0.0,0.31282986277708486,0.022301210531030097,0.625,0.3052464228934814,0.17150684662352028,0.009478672955659026,0.2116562446311161,0.09049275978958965,0.15107450221035287,0.22340442126790153,Medio,Basso,Basso,8429.209942434198,3603.874158620408,6016.542050527303
Torino,Mathi,D1,0.0,0.0,0.0617,-0.6,1.0,0.6,0.0,28.96249938011169,2.112500000745058,32,,0.6,0.0,0.0,0.0,0.16236445638614352,0.022301210531030097,1.0,0.11764705882352937,0.20527396370488188,0.02502962040939441,0.1860446751058147,0.11515179205713814,0.15059823358147642,0.16274190912520517,Basso,Basso,Basso,,,
Torino,Salassa,B1,0.0,0.0,0.0497035714285714,-0.6,0.9,0.64,0.0,30.229999542236328,2.0,196,760.0,0.6,0.0,0.0,0.0,0.08178197869686213,0.022301210531030097,0.9,0.17647058823529413,0.2399999937292652,0.023696682036039488,0.16865053963759807,0.13184833788265235,0.1502494387601252,0.1402595284622276,Basso,Basso,Basso,11535.696911211708,9018.42631117342,10277.061611192563
Torino,Cuorgnè,D1,0.0,0.0,0.0497,-0.6,0.9,0.64,0.0,30.229999542236328,2.0,39,670.0,0.6,0.0,0.0,0.0,0.08175798867671069,0.022301210531030097,0.9,0.17647058823529413,0.2399999937292652,0.023696682036039488,0.16864711249186212,0.13184833788265235,0.15024772518725724,0.1402541973466384,Basso,Basso,Basso,10169.420883259287,7950.454774323936,9059.937828791612
Torino,Cafasse,B1,0.3793103448275862,0.0,0.0647,-0.6,1.0,0.6,0.0,27.799999237060547,0.8299999833106995,232,695.0,0.6,0.1264367816091954,0.0,0.0,0.18251607331350173,0.022301210531030097,1.0,0.11764705882352937,0.17342464638150126,0.009834122847215862,0.20698587489675097,0.09162938461435856,0.14930762975555475,0.19531710879999487,Medio,Basso,Basso,12946.966474791772,5731.418007628128,9339.19224120995
Torino,Lemie,B1,0.0,0.0,0.1199,-0.6,0.295,1.0,0.0,25.6299991607666,0.0,219,435.0,0.6,0.0,0.0,0.0,0.5533058247768929,0.022301210531030097,0.295,0.7058823529411765,0.1139725926034697,0.0,0.22521276974987137,0.05698629630173485,0.1410995330258031,0.2366439125584436,Medio,Basso,Basso,8817.079935707465,2231.0135002129196,5524.046717960192
Torino,Mattie,B1,0.0,0.0,0.1347,-0.6,0.0,0.84,0.0,28.32999992370605,4.0,24,525.0,0.6,0.0,0.0,0.0,0.6527204682851934,0.022301210531030097,0.0,0.47058823529411764,0.1879452123801238,0.047393364072078975,0.16365855915862015,0.11766928822610138,0.14066392369236078,0.19981448693283715,Basso,Basso,Basso,7732.866920244803,5559.87386868329,6646.3703944640465
Torino,Lanzo Torinese,C1,0.0,0.0,0.0682,-0.6,0.64,0.72,0.0,27.799999237060547,0.8299999833106995,10,821.6666666666666,0.6,0.0,0.0,0.0,0.20602629306208634,0.022301210531030097,0.64,0.2941176470588235,0.17342464638150126,0.009834122847215862,0.16606359295027712,0.09162938461435856,0.12884648878231783,0.15205238263489182,Basso,Basso,Basso,12280.402698672993,6775.992992231815,9528.197845452403
Torino,Gravere,B1,0.2,0.6,0.134,-0.6,0.0,0.8400000000000001,0.0,24.96999931335449,0.0700000002980232,175,591.6666666666666,0.6,0.06666666666666667,0.15,0.0,0.6480184243354766,0.022301210531030097,0.0,0.4705882352941178,0.09589040594804289,0.0008293838747924625,0.1939392195467559,0.04835989491141768,0.12114955722908678,0.23025106975882606,Basso,Basso,Basso,10327.263440864752,2575.1644040329916,6451.213922448871
